[09:34:37] [main/INFO]: Loading Minecraft 1.21.1 with Fabric Loader 0.19.3
[09:34:38] [main/WARN]: Warnings were found!
 - Mod 'Alloy Forgery' (alloy_forgery) 2.4.1+1.21 recommends version 14.0.0 or later of roughlyenoughitems, which is missing!
	 - You should install version 14.0.0 or later of roughlyenoughitems for the optimal experience.
 - Mod 'Forge Config API Port' (forgeconfigapiport) 21.1.6 recommends any version of modmenu, which is missing!
	 - You should install any version of modmenu for the optimal experience.
 - Mod 'Simply Swords' (simplyswords) 1.63.0-1.21.1 recommends version 1.7.2 or later of bettercombat, which is missing!
	 - You should install version 1.7.2 or later of bettercombat for the optimal experience.
 - Mod 'Simply Swords' (simplyswords) 1.63.0-1.21.1 recommends version 1.0.0 or later of oracle_index, which is missing!
	 - You should install version 1.0.0 or later of oracle_index for the optimal experience.
[09:34:38] [main/INFO]: Loading 199 mods:
	- alloy_forgery 2.4.1+1.21
	- amendments 1.21-2.1.1
	- antixray 1.4.8
	   \-- com_moandjiezana_toml_toml4j 0.7.2
	- appleskin 3.0.6+mc1.21
	- architectury 13.0.8
	- artifacts 13.2.1
	   |-- com_electronwill_night-config_core 3.8.0
	   |-- com_electronwill_night-config_toml 3.8.0
	   \-- expandability 12.0.0
	- audioplayer 1.21.1-1.13.2
	   |-- admiral 0.4.5+1.21
	   |-- fabric-api-base 0.4.42+6573ed8c6a
	   \-- fabric-command-api-v2 2.2.28+6ced4dd96a
	- balm 21.0.59
	   \-- kuma_api 21.0.8
	- better-fabric-console 1.2.0
	   |-- adventure-platform-fabric 5.14.1
	   |    |-- net_kyori_adventure-api 4.17.0
	   |    |-- net_kyori_adventure-key 4.17.0
	   |    |-- net_kyori_adventure-platform-api 4.3.3
	   |    |-- net_kyori_adventure-text-logger-slf4j 4.17.0
	   |    |-- net_kyori_adventure-text-minimessage 4.17.0
	   |    |-- net_kyori_adventure-text-serializer-ansi 4.17.0
	   |    |-- net_kyori_adventure-text-serializer-gson 4.17.0
	   |    |-- net_kyori_adventure-text-serializer-json 4.17.0
	   |    |-- net_kyori_adventure-text-serializer-plain 4.17.0
	   |    |-- net_kyori_ansi 1.1.0
	   |    |-- net_kyori_examination-api 1.3.0
	   |    |-- net_kyori_examination-string 1.3.0
	   |    \-- net_kyori_option 1.0.0
	   |-- com_typesafe_config 1.4.1
	   |-- io_leangen_geantyref_geantyref 1.3.11
	   |-- net_fabricmc_mapping-io 0.6.1
	   |-- org_fusesource_jansi_jansi 2.4.1
	   |-- org_jline_jline 3.27.0
	   |-- org_jline_jline-terminal-jansi 3.27.0
	   |-- org_spongepowered_configurate-core 4.1.2
	   \-- org_spongepowered_configurate-hocon 4.1.2
	- cardinal-components 6.1.3
	   |-- cardinal-components-base 6.1.3
	   |-- cardinal-components-block 6.1.3
	   |-- cardinal-components-chunk 6.1.3
	   |-- cardinal-components-entity 6.1.3
	   |-- cardinal-components-item 6.1.3
	   |-- cardinal-components-level 6.1.3
	   |-- cardinal-components-scoreboard 6.1.3
	   \-- cardinal-components-world 6.1.3
	- carryon 2.2.4
	- cicada 0.14.3+1.21-1.21.1
	   \-- org_yaml_snakeyaml 2.2
	- cloth-config 15.0.140
	   \-- cloth-basic-math 0.6.1
	- collective 8.32
	- coolrain 1.4.0-1.21.1
	   \-- midnightlib 1.9.2
	- creativecore 2.13.39
	   \-- net_neoforged_bus 7.2.0
	- deimos 2.7
	- doubledoors 7.2
	- easymagic 21.1.4
	- explorify 1.6.5
	- fabric-api 0.116.12+1.21.1
	   |-- fabric-api-lookup-api-v1 1.6.72+7b3d111d19
	   |-- fabric-biome-api-v1 13.0.31+d527f9fd19
	   |-- fabric-block-api-v1 1.1.0+0bc3503219
	   |-- fabric-block-view-api-v2 1.0.11+ebb2264e19
	   |-- fabric-blockrenderlayer-v1 1.1.52+0af3f5a719
	   |-- fabric-client-tags-api-v1 1.1.15+6573ed8c19
	   |-- fabric-command-api-v1 1.2.49+f71b366f19
	   |-- fabric-commands-v0 0.2.66+df3654b319
	   |-- fabric-content-registries-v0 8.0.19+b559734419
	   |-- fabric-convention-tags-v1 2.1.7+7f945d5b19
	   |-- fabric-convention-tags-v2 2.12.0+c3656daa19
	   |-- fabric-crash-report-info-v1 0.2.29+0af3f5a719
	   |-- fabric-data-attachment-api-v1 1.4.7+5b36e0f719
	   |-- fabric-data-generation-api-v1 20.2.38+60a6976219
	   |-- fabric-dimensions-v1 4.0.1+65213ef819
	   |-- fabric-entity-events-v1 1.8.0+2b27e0a419
	   |-- fabric-events-interaction-v0 0.7.14+ba9dae0619
	   |-- fabric-game-rule-api-v1 1.0.53+6ced4dd919
	   |-- fabric-item-api-v1 11.2.0+3b3cb2e819
	   |-- fabric-item-group-api-v1 4.1.7+def88e3a19
	   |-- fabric-key-binding-api-v1 1.0.47+0af3f5a719
	   |-- fabric-keybindings-v0 0.2.45+df3654b319
	   |-- fabric-lifecycle-events-v1 2.6.0+0865547519
	   |-- fabric-loot-api-v2 3.0.15+3f89f5a519
	   |-- fabric-loot-api-v3 1.0.3+3f89f5a519
	   |-- fabric-message-api-v1 6.0.14+8aaf3aca19
	   |-- fabric-model-loading-api-v1 2.1.0+b4d813fc19
	   |-- fabric-networking-api-v1 4.3.1+d30f6a7919
	   |-- fabric-object-builder-api-v1 15.2.1+40875a9319
	   |-- fabric-particles-v1 4.0.2+6573ed8c19
	   |-- fabric-recipe-api-v1 5.0.16+2475392c19
	   |-- fabric-registry-sync-v0 5.3.2+e3eddc2119
	   |-- fabric-renderer-api-v1 3.4.1+b4d813fc19
	   |-- fabric-renderer-indigo 1.7.1+c705a49c19
	   |-- fabric-renderer-registries-v1 3.2.69+df3654b319
	   |-- fabric-rendering-data-attachment-v1 0.3.49+73761d2e19
	   |-- fabric-rendering-fluids-v1 3.1.6+1daea21519
	   |-- fabric-rendering-v0 1.1.72+df3654b319
	   |-- fabric-rendering-v1 5.1.0+ab4c25a019
	   |-- fabric-resource-conditions-api-v1 4.3.0+8dc279b119
	   |-- fabric-resource-loader-v0 1.3.1+5b5275af19
	   |-- fabric-screen-api-v1 2.0.25+8b68f1c719
	   |-- fabric-screen-handler-api-v1 1.3.91+b559734419
	   |-- fabric-sound-api-v1 1.0.23+6573ed8c19
	   |-- fabric-transfer-api-v1 5.4.4+7b3d111d19
	   \-- fabric-transitive-access-wideners-v1 6.2.0+45b9699719
	- fabric-language-kotlin 1.13.12+kotlin.2.4.0
	   |-- org_jetbrains_kotlin_kotlin-reflect 2.4.0
	   |-- org_jetbrains_kotlin_kotlin-stdlib 2.4.0
	   |-- org_jetbrains_kotlin_kotlin-stdlib-jdk7 2.4.0
	   |-- org_jetbrains_kotlin_kotlin-stdlib-jdk8 2.4.0
	   |-- org_jetbrains_kotlinx_atomicfu-jvm 0.33.0
	   |-- org_jetbrains_kotlinx_kotlinx-coroutines-core-jvm 1.11.0
	   |-- org_jetbrains_kotlinx_kotlinx-coroutines-jdk8 1.11.0
	   |-- org_jetbrains_kotlinx_kotlinx-datetime-jvm 0.8.0
	   |-- org_jetbrains_kotlinx_kotlinx-io-bytestring-jvm 0.9.0
	   |-- org_jetbrains_kotlinx_kotlinx-io-core-jvm 0.9.0
	   |-- org_jetbrains_kotlinx_kotlinx-serialization-cbor-jvm 1.11.0
	   |-- org_jetbrains_kotlinx_kotlinx-serialization-core-jvm 1.11.0
	   \-- org_jetbrains_kotlinx_kotlinx-serialization-json-jvm 1.11.0
	- fabricloader 0.19.3
	   \-- mixinextras 0.5.4
	- fallingtrees 0.14.0
	- farmersdelight 1.21.1-3.3.3+refabricated
	- ferritecore 7.0.3
	- forgeconfigapiport 21.1.6
	   |-- com_electronwill_night-config_core 3.8.0
	   \-- com_electronwill_night-config_toml 3.8.0
	- fzzy_config 0.7.6+1.21
	   |-- blue_endless_jankson 1.2.3
	   |-- fabric-permissions-api-v0 0.3.1
	   \-- net_peanuuutz_tomlkt_tomlkt-jvm 0.3.7
	- gravestones 1.4.1
	- immersive_aircraft 1.4.6+1.21.1
	   \-- org_mariuszgromada_math_mathparser_org-mxparser 5.2.1
	- immersive_armors 1.7.6+1.21.1
	- immersive_furniture 0.2.2+1.21.1
	- immersive_optimization 0.1.6
	- immersive_paintings 0.7.8
	   |-- com_twelvemonkeys_common_common-image 3.12.0
	   |-- com_twelvemonkeys_common_common-lang 3.12.0
	   |-- com_twelvemonkeys_imageio_imageio-core 3.12.0
	   \-- com_twelvemonkeys_imageio_imageio-webp 3.12.0
	- itemphysic 1.8.13
	- jamlib 1.3.6+1.21.1
	   \-- blue_endless_jankson 1.2.3
	- java 21
	- jei 19.27.0.343
	- lithium 0.15.3+mc1.21.1
	- lootr 1.21.1-1.11.37.120
	- man_of_many_planes 0.2.1+1.21.1
	- minecraft 1.21.1
	- modernfix 5.25.1+mc1.21.1
	- moonlight 1.21.1-3.0.19
	- mythicmetals 0.24.6+1.21
	   |-- additionalentityattributes 1.8.0+1.21
	   \-- common-protection-api 1.0.0
	- owo 0.12.15.4+1.21
	   |-- io_wispforest_endec 0.1.5.1
	   |-- io_wispforest_endec_gson 0.1.3.1
	   |-- io_wispforest_endec_jankson 0.1.3.1
	   \-- io_wispforest_endec_netty 0.1.2
	- pandalib 0.6.0
	   \-- dev_pandasystems_universal-serializer 0.1.0-SNAPSHOT
	- pneumonocore 1.3.1
	- puzzleslib 21.1.52
	- rightclickharvest 4.6.1+1.21.1
	- scalablelux 0.1.0.1+fabric.d0d58ab
	- serversidehorror 4.2
	- showmeyourskin 1.11.3+1.21
	- silk-all 1.10.7
	   |-- silk-commands 1.10.7
	   |-- silk-core 1.10.7
	   |-- silk-game 1.10.7
	   |-- silk-igui 1.10.7
	   |-- silk-nbt 1.10.7
	   |-- silk-network 1.10.7
	   \-- silk-persistence 1.10.7
	- simplyswords 1.63.0-1.21.1
	- simplytooltips 0.1.3
	- skinrestorer 2.8.1+1.21-fabric
	   \-- org_mineskin_java-client 3.2.1-SNAPSHOT
	- smallships 2.0.0-b2.1
	- sophisticatedcore 1.21.1-1.2.9.21.168
	   |-- porting_lib_conditions 3.1.0-beta.47+1.21.1
	   |-- porting_lib_core 3.1.0-beta.47+1.21.1
	   |-- porting_lib_fluids 3.1.0-beta.47+1.21.1
	   |-- porting_lib_item_abilities 3.1.0-beta.47+1.21.1
	   |-- porting_lib_lazy_registration 3.1.0-beta.47+1.21.1
	   |-- porting_lib_level_events 3.1.0-beta.47+1.21.1
	   |-- porting_lib_loot 3.1.0-beta.47+1.21.1
	   |-- porting_lib_model_loader 3.1.0-beta.47+1.21.1
	   |-- porting_lib_render_types 3.1.0-beta.47+1.21.1
	   |-- porting_lib_transfer 3.1.0-beta.47+1.21.1
	   \-- team_reborn_energy 4.1.0
	- sophisticatedstorage 1.21.1-1.3.7.9.139
	- suikefoxfriend 6.0.3
	- supplementaries 1.21.1-3.6.7
	   |-- mixinsquared 0.1.1
	   \-- sablecompanion 1.5.0
	- toms_storage 2.3.0
	- trade_cycling 1.21.1-1.0.20
	   |-- fabric-key-binding-api-v1 1.0.47+0af3f5a76a
	   \-- fabric-screen-api-v1 2.0.24+b55973446a
	- travelersbackpack 10.1.36
	- trinkets 3.10.0
	- veinminer 2.10.3
	   \-- fabric-permissions-api-v0 0.3.1
	- veinminer_enchantment 2.10.3
	- villagerleads 0.0.3
	- voicechat 1.21.1-2.6.20
	   |-- fabric-key-binding-api-v1 1.0.47+0af3f5a76a
	   \-- voicechat_api 2.6.20
	- waystones 21.1.34
	- xercamusic 1.21.1-1.2.0
[09:34:41] [main/INFO]: SpongePowered MIXIN Subsystem Version=0.8.7 Source=file:/home/flero/Projetos/Server/libraries/net/fabricmc/sponge-mixin/0.17.3+mixin.0.8.7/sponge-mixin-0.17.3+mixin.0.8.7.jar Service=Knot/Fabric Env=SERVER
[09:34:41] [main/INFO]: Compatibility level set to JAVA_21
[09:34:42] [main/WARN]: Reference map 'forgeconfigapiport.common.refmap.json' for forgeconfigapiport.common.mixins.json could not be read. If this is a development environment you can ignore this message
[09:34:42] [main/WARN]: Mod 'supplementaries' attempted to override option 'mixins.block.moving_block_shapes', which doesn't exist, ignoring
[09:34:42] [main/INFO]: Option 'mixin.entity.collisions.fluid' requires 'mixin.util.block_tracking=true' but found 'false'. Setting 'mixin.entity.collisions.fluid=false'.
[09:34:42] [main/INFO]: Option 'mixin.experimental.entity.block_caching.block_support' requires 'mixin.util.block_tracking=true' but found 'false'. Setting 'mixin.experimental.entity.block_caching.block_support=false'.
[09:34:42] [main/INFO]: Option 'mixin.experimental.entity.block_caching.fluid_pushing' requires 'mixin.util.block_tracking=true' but found 'false'. Setting 'mixin.experimental.entity.block_caching.fluid_pushing=false'.
[09:34:42] [main/INFO]: Option 'mixin.experimental.entity.block_caching.block_touching' requires 'mixin.util.block_tracking=true' but found 'false'. Setting 'mixin.experimental.entity.block_caching.block_touching=false'.
[09:34:42] [main/INFO]: Option 'mixin.experimental.entity.block_caching.suffocation' requires 'mixin.util.block_tracking=true' but found 'false'. Setting 'mixin.experimental.entity.block_caching.suffocation=false'.
[09:34:42] [main/INFO]: Option 'mixin.experimental.entity.block_caching' requires 'mixin.util.block_tracking=true' but found 'false'. Setting 'mixin.experimental.entity.block_caching=false'.
[09:34:42] [main/INFO]: Loaded configuration file for Lithium: 150 options available, 1 override(s) found
[09:34:43] [main/INFO]: Loaded configuration file for ModernFix 5.25.1+mc1.21.1: 65 options available, 0 override(s) found
[09:34:43] [main/INFO]: Applying Nashorn fix
[09:34:43] [main/WARN]: Reference map 'waystones.refmap.json' for waystones.mixins.json could not be read. If this is a development environment you can ignore this message
[09:34:43] [main/WARN]: Reference map 'waystones.refmap.json' for waystones.fabric.mixins.json could not be read. If this is a development environment you can ignore this message
[09:34:43] [main/WARN]: Error loading class: net/minecraft/class_906 (java.lang.ClassNotFoundException: net/minecraft/class_906)
[09:34:43] [main/WARN]: @Mixin target net.minecraft.class_906 was not found porting_lib_item_abilities.mixins.json:FishingHookRendererMixin from mod porting_lib_item_abilities
[09:34:46] [main/WARN]: Error loading class: net/minecraft/class_761 (java.lang.ClassNotFoundException: net/minecraft/class_761)
[09:34:46] [main/WARN]: @Mixin target net.minecraft.class_761 was not found coolrain.mixins.json:RainMixin from mod coolrain
[09:34:49] [main/WARN]: Error loading class: com/electronwill/nightconfig/core/io/IoUtils (java.lang.ClassNotFoundException: com/electronwill/nightconfig/core/io/IoUtils)
[09:34:49] [main/INFO]: Force-disabling mixin 'block.moving_block_shapes.PistonMovingBlockEntityMixin' as rule 'mixin.block.moving_block_shapes' (added by mods [supplementaries]) disables it and children
[09:34:49] [main/INFO]: Force-disabling mixin 'block.moving_block_shapes.VoxelShapeMixin' as rule 'mixin.block.moving_block_shapes' (added by mods [supplementaries]) disables it and children
[09:34:50] [main/WARN]: Error loading class: net/minecraft/class_525 (java.lang.ClassNotFoundException: net/minecraft/class_525)
[09:34:50] [main/WARN]: @Mixin target net.minecraft.class_525 was not found moonlight.mixins.json:CreateWorldScreenMixin from mod moonlight
[09:34:51] [main/WARN]: Error loading class: net/minecraft/class_287 (java.lang.ClassNotFoundException: net/minecraft/class_287)
[09:34:51] [main/WARN]: @Mixin target net.minecraft.class_287 was not found owo.mixins.json:BufferBuilderAccessor from mod owo
[09:34:51] [main/WARN]: Error loading class: net/minecraft/class_437 (java.lang.ClassNotFoundException: net/minecraft/class_437)
[09:34:51] [main/WARN]: @Mixin target net.minecraft.class_437 was not found owo.mixins.json:ScreenAccessor from mod owo
[09:34:51] [main/WARN]: Error loading class: xyz/nucleoid/server/translations/impl/language/SystemDelegatedLanguage (java.lang.ClassNotFoundException: xyz/nucleoid/server/translations/impl/language/SystemDelegatedLanguage)
[09:34:51] [main/WARN]: Error loading class: net/minecraft/class_638 (java.lang.ClassNotFoundException: net/minecraft/class_638)
[09:34:51] [main/WARN]: @Mixin target net.minecraft.class_638 was not found porting_lib_level_events.mixins.json:client.ClientLevelMixin from mod porting_lib_level_events
[09:34:51] [main/WARN]: Error loading class: me/jellysquid/mods/sodium/client/render/chunk/compile/pipeline/FluidRenderer (java.lang.ClassNotFoundException: me/jellysquid/mods/sodium/client/render/chunk/compile/pipeline/FluidRenderer)
[09:34:54] [main/INFO]: Initializing Better Fabric Console...
[09:34:54] [main/INFO]: Initializing Better Fabric Console mappings...
[09:34:54] [main/INFO]: Initializing MixinExtras via com.llamalad7.mixinextras.service.MixinExtrasServiceImpl(version=0.5.4).
[09:34:56] [main/INFO]: Reading mappings...
[09:34:57] [main/INFO]: Done in 0,8030 seconds.
[09:35:08] [main/INFO]: Injecting BlockStateBase cache population hook into getOpacityIfCached from ca.spottedleaf.starlight.mixin.common.blockstate.BlockStateBaseMixin
[09:35:08] [main/INFO]: Injecting BlockStateBase cache population hook into isConditionallyFullOpaque from ca.spottedleaf.starlight.mixin.common.blockstate.BlockStateBaseMixin
[09:35:12] [main/WARN]: Method overwrite conflict for method_21740 in modernfix-common.mixins.json:perf.remove_biome_temperature_cache.BiomeMixin from mod modernfix, previously written by net.caffeinemc.mods.lithium.mixin.world.temperature_cache.BiomeMixin. Skipping method.
[09:35:33] [main/INFO]: Vanilla bootstrap took 33393 milliseconds
[09:35:34] [main/INFO]: Loaded config amendments-common.json
[09:35:35] [main/INFO]: Successfully initialized antixray for fabric
[09:35:35] [main/ERROR]: No data fixer registered for artifacts:mimic
[09:35:36] [main/INFO]: Loading Collective version 8.32.
[09:35:36] [main/INFO]: Constructing components for easymagic:common
[09:35:36] [main/INFO]: Dispatching loading event for config easymagic-common.toml
[09:35:37] [main/INFO]: ExpandAbility here, who dis?
[09:35:39] [main/INFO]: Loaded config from /home/flero/Projetos/Server/config/fallingtrees/client.json
[09:35:39] [main/INFO]: Loaded config from /home/flero/Projetos/Server/config/fallingtrees/common.json
[09:35:39] [main/INFO]: Registering fallingtrees:generic to ResourceKey[minecraft:root / fallingtrees:tree_registry]
[09:35:39] [main/INFO]: Registering fallingtrees:vertical to ResourceKey[minecraft:root / fallingtrees:tree_registry]
[09:35:39] [main/INFO]: Registering fallingtrees:chorus to ResourceKey[minecraft:root / fallingtrees:tree_registry]
[09:35:39] [main/INFO]: Registering fallingtrees:mushroom to ResourceKey[minecraft:root / fallingtrees:tree_registry]
[09:35:39] [main/INFO]: Registering fallingtrees:tree_fall to ResourceKey[minecraft:root / minecraft:sound_event]
[09:35:39] [main/INFO]: Registering fallingtrees:tree_impact to ResourceKey[minecraft:root / minecraft:sound_event]
[09:35:39] [main/INFO]: Registering fallingtrees:tree to ResourceKey[minecraft:root / minecraft:entity_type]
[09:35:39] [main/INFO]: Registering fallingtrees:block_map to ResourceKey[minecraft:root / pandalib:entity_data_serializers]
[09:35:39] [main/INFO]: Registering fallingtrees:item_list to ResourceKey[minecraft:root / pandalib:entity_data_serializers]
[09:35:39] [main/INFO]: Loaded config farmersdelight-common.json
[09:35:39] [main/INFO]: Initializing Gravestones
[09:35:39] [main/ERROR]: No data fixer registered for gravestone_skeleton
[09:35:39] [main/ERROR]: No data fixer registered for immersive_aircraft:gyrodyne
[09:35:40] [main/ERROR]: No data fixer registered for immersive_aircraft:biplane
[09:35:40] [main/ERROR]: No data fixer registered for immersive_aircraft:airship
[09:35:40] [main/ERROR]: No data fixer registered for immersive_aircraft:cargo_airship
[09:35:40] [main/ERROR]: No data fixer registered for immersive_aircraft:warship
[09:35:40] [main/ERROR]: No data fixer registered for immersive_aircraft:quadrocopter
[09:35:40] [main/ERROR]: No data fixer registered for immersive_aircraft:bamboo_hopper
[09:35:40] [main/ERROR]: No data fixer registered for immersive_aircraft:bullet
[09:35:40] [main/ERROR]: No data fixer registered for immersive_aircraft:tiny_tnt
[09:35:40] [main/ERROR]: No data fixer registered for sitting
[09:35:40] [main/INFO]: Loaded config immersive_paintings:common_config in 360ms
[09:35:40] [main/INFO]: Loaded config immersive_paintings:client_config in 61ms
[09:35:40] [main/ERROR]: No data fixer registered for immersive_paintings:painting
[09:35:40] [main/ERROR]: No data fixer registered for immersive_paintings:glow_painting
[09:35:40] [main/ERROR]: No data fixer registered for immersive_paintings:graffiti
[09:35:40] [main/ERROR]: No data fixer registered for immersive_paintings:glow_graffiti
[09:35:40] [main/INFO]: Initializing JamLib on Fabric
[09:35:40] [main/ERROR]: No data fixer registered for man_of_many_planes:scarlet_biplane
[09:35:40] [main/ERROR]: No data fixer registered for man_of_many_planes:economy_plane
[09:35:41] [main/INFO]: Loaded config moonlight-common.json
[09:35:41] [main/INFO]: [Mythic Metals] Mythic Metals is now initialized.
[09:35:41] [main/INFO]: chyz: now i just need to painstakingly move jerry (the little tiny lil fella tiny guy man button) to correct spot when recipe book is opened
[09:35:41] [main/INFO]: Initializing PneumonoCore
[09:35:41] [main/INFO]: Constructing components for puzzleslib:common
[09:35:41] [main/INFO]: Updated config file at /home/flero/Projetos/Server/config/rightclickharvest.json5
[09:35:41] [main/INFO]: Initializing Right Click Harvest on FABRIC
[09:35:41] [main/INFO]: Initializing Silk
[09:35:41] [main/INFO]: Loaded config simplyswords:general in 102ms
[09:35:42] [main/INFO]: Loaded config simplyswords:gem_powers in 603ms
[09:35:42] [main/INFO]: Loaded config simplyswords:status_effects in 21ms
[09:35:42] [main/INFO]: Loaded config simplyswords:weapon_attributes in 418ms
[09:35:43] [main/INFO]: Loaded config simplyswords:unique_effects in 567ms
[09:35:43] [main/ERROR]: No data fixer registered for battlestandard
[09:35:43] [main/ERROR]: No data fixer registered for battlestandarddark
[09:35:43] [main/ERROR]: No data fixer registered for simplyswords:simplybeeentity
[09:35:43] [main/ERROR]: No data fixer registered for simplyswords:simplyaxolotlentity
[09:35:43] [main/ERROR]: No data fixer registered for simplyswords:thrown_sword
[09:35:43] [main/ERROR]: No data fixer registered for simplyswords:frostfall_entity
[09:35:43] [main/ERROR]: No data fixer registered for simplyswords:livyatan_entity
[09:35:43] [main/ERROR]: No data fixer registered for simplyswords:spear_entity
[09:35:43] [main/ERROR]: No data fixer registered for simplyswords:runic_entity
[09:35:43] [main/INFO]: Registering Mythic Metals items
[09:35:43] [main/INFO]: [STDOUT]: /home/flero/Projetos/Server/config
[09:35:44] [main/INFO]: Loaded config simplytooltips:config in 19ms
[09:35:44] [main/INFO]: SimplyTooltips config loaded: simplytooltips:config
[09:35:46] [Thread-3/WARN]: Failed to fetch contributors data from url https://raw.githubusercontent.com/MehVahdJukaar/Supplementaries/master/credits.json, java.net.UnknownHostException: raw.githubusercontent.com
[09:35:46] [main/INFO]: Loaded config supplementaries-common.json
[09:35:47] [main/INFO]: Tom's Storage Setup starting
[09:35:49] [main/ERROR]: No data fixer registered for 
[09:35:49] [main/INFO]: Registered the FluidEffect with Unique ID of minecraft:water for Water (Fluid Amount Required: 81000) with the ID 0
[09:35:49] [main/INFO]: Registered the FluidEffect with Unique ID of minecraft:lava for Lava (Fluid Amount Required: 81000) with the ID 1
[09:35:49] [main/INFO]: Registered the FluidEffect with Unique ID of travelersbackpack:potion for block.travelersbackpack.potion_still (Fluid Amount Required: 27000) with the ID 2
[09:35:49] [main/INFO]: Registered the FluidEffect with Unique ID of minecraft:milk for Air (Fluid Amount Required: 81000) with the ID 3
[09:35:49] [main/INFO]: Veinminer Version: 2.10.3 (fabric)
[09:35:50] [main/INFO]: Veinminer_Enchantment loaded (fabric)
[09:35:50] [DefaultDispatcher-worker-1/WARN]: Error while checking for updates: api.modrinth.com
[09:35:50] [DefaultDispatcher-worker-1/WARN]: Error while checking for updates: api.modrinth.com
[09:35:50] [main/INFO]: [voicechat] Compatibility version 20
[09:35:50] [main/INFO]: [voicechat] Loading plugins
[09:35:50] [main/INFO]: [voicechat] Loaded 1 plugin(s)
[09:35:50] [main/INFO]: [voicechat] Initializing plugins
[09:35:50] [main/INFO]: [voicechat] Initialized 1 plugin(s)
[09:35:50] [main/INFO]: [voicechat] Registering events for 'audioplayer'
[09:35:51] [main/INFO]: XercaMusic: Registering tile entities
[09:35:52] [main/ERROR]: No data fixer registered for medium_dragon_fireball
[09:35:52] [main/ERROR]: No data fixer registered for medium_fireball
[09:35:52] [main/ERROR]: No data fixer registered for falling_lantern
[09:35:52] [main/ERROR]: No data fixer registered for dispenser_minecart
[09:35:52] [main/ERROR]: No data fixer registered for plunderer
[09:35:52] [main/ERROR]: No data fixer registered for falling_urn
[09:35:52] [main/ERROR]: No data fixer registered for falling_ash
[09:35:52] [main/ERROR]: No data fixer registered for falling_sack
[09:35:52] [main/ERROR]: No data fixer registered for brick_projectile
[09:35:52] [main/ERROR]: No data fixer registered for slimeball_projectile
[09:35:52] [main/ERROR]: No data fixer registered for bomb
[09:35:52] [main/ERROR]: No data fixer registered for cannonball
[09:35:52] [main/ERROR]: No data fixer registered for rope_arrow
[09:35:52] [main/ERROR]: No data fixer registered for slingshot_projectile
[09:35:52] [main/ERROR]: No data fixer registered for cannon_boat
[09:35:52] [main/INFO]: Initialized block sets in 137ms
[09:35:52] [main/INFO]: Loaded config amendments-client.json
[09:35:52] [main/INFO]: Initialized color sets in 118ms
[09:35:53] [main/INFO]: Finished mod setup in: [0, 0, 8, 0, 12, 1] ms
[09:35:53] [main/ERROR]: Registry 'porting_lib:global_loot_modifier_serializers' was empty after loading
[09:35:53] [main/INFO]: Environment: Environment[sessionHost=https://sessionserver.mojang.com, servicesHost=https://api.minecraftservices.com, name=PROD]
[09:35:53] [Yggdrasil Key Fetcher/ERROR]: Failed to request yggdrasil public key
com.mojang.authlib.exceptions.MinecraftClientException: Failed to read from https://api.minecraftservices.com/publickeys due to api.minecraftservices.com
	at knot/com.mojang.authlib.minecraft.client.MinecraftClient.readInputStream(MinecraftClient.java:108) ~[authlib-6.0.54.jar:?]
	at knot/com.mojang.authlib.minecraft.client.MinecraftClient.get(MinecraftClient.java:57) ~[authlib-6.0.54.jar:?]
	at knot/com.mojang.authlib.yggdrasil.YggdrasilServicesKeyInfo.fetch(YggdrasilServicesKeyInfo.java:114) ~[authlib-6.0.54.jar:?]
	at knot/com.mojang.authlib.yggdrasil.YggdrasilServicesKeyInfo$1.run(YggdrasilServicesKeyInfo.java:89) ~[authlib-6.0.54.jar:?]
	at java.base/java.util.concurrent.Executors$RunnableAdapter.call(Executors.java:572) ~[?:?]
	at java.base/java.util.concurrent.FutureTask.run(FutureTask.java:317) ~[?:?]
	at java.base/java.util.concurrent.ScheduledThreadPoolExecutor$ScheduledFutureTask.run(ScheduledThreadPoolExecutor.java:304) ~[?:?]
	at java.base/java.util.concurrent.ThreadPoolExecutor.runWorker(ThreadPoolExecutor.java:1144) ~[?:?]
	at java.base/java.util.concurrent.ThreadPoolExecutor$Worker.run(ThreadPoolExecutor.java:642) ~[?:?]
	at java.base/java.lang.Thread.run(Thread.java:1583) [?:?]
Caused by: java.net.UnknownHostException: api.minecraftservices.com
	at java.base/sun.nio.ch.NioSocketImpl.connect(NioSocketImpl.java:567) ~[?:?]
	at java.base/java.net.SocksSocketImpl.connect(SocksSocketImpl.java:327) ~[?:?]
	at java.base/java.net.Socket.connect(Socket.java:751) ~[?:?]
	at java.base/sun.security.ssl.SSLSocketImpl.connect(SSLSocketImpl.java:304) ~[?:?]
	at java.base/sun.net.NetworkClient.doConnect(NetworkClient.java:178) ~[?:?]
	at java.base/sun.net.www.http.HttpClient.openServer(HttpClient.java:531) ~[?:?]
	at java.base/sun.net.www.http.HttpClient.openServer(HttpClient.java:636) ~[?:?]
	at java.base/sun.net.www.protocol.https.HttpsClient.<init>(HttpsClient.java:264) ~[?:?]
	at java.base/sun.net.www.protocol.https.HttpsClient.New(HttpsClient.java:377) ~[?:?]
	at java.base/sun.net.www.protocol.https.AbstractDelegateHttpsURLConnection.getNewHttpClient(AbstractDelegateHttpsURLConnection.java:193) ~[?:?]
	at java.base/sun.net.www.protocol.http.HttpURLConnection.plainConnect0(HttpURLConnection.java:1298) ~[?:?]
	at java.base/sun.net.www.protocol.http.HttpURLConnection.plainConnect(HttpURLConnection.java:1139) ~[?:?]
	at java.base/sun.net.www.protocol.https.AbstractDelegateHttpsURLConnection.connect(AbstractDelegateHttpsURLConnection.java:179) ~[?:?]
	at java.base/sun.net.www.protocol.http.HttpURLConnection.getInputStream0(HttpURLConnection.java:1691) ~[?:?]
	at java.base/sun.net.www.protocol.http.HttpURLConnection.getInputStream(HttpURLConnection.java:1615) ~[?:?]
	at java.base/java.net.HttpURLConnection.getResponseCode(HttpURLConnection.java:531) ~[?:?]
	at java.base/sun.net.www.protocol.https.HttpsURLConnectionImpl.getResponseCode(HttpsURLConnectionImpl.java:307) ~[?:?]
	at knot/com.mojang.authlib.minecraft.client.MinecraftClient.readInputStream(MinecraftClient.java:84) ~[authlib-6.0.54.jar:?]
	... 9 more
[09:35:55] [main/INFO]: Resource cache state for SERVER_DATA: up to date
[09:35:55] [main/INFO]: Populated search tree for pack at /home/flero/Projetos/Server/dynamic-data-pack-cache/supplementaries-generated_pack in 8.403 ms
[09:35:55] [main/INFO]: Starting runtime resource generation for pack type SERVER_DATA with generators [amendments:generated_server_pack, supplementaries:generated_pack]
[09:35:55] [main/INFO]: Regenerating Dynamic SERVER_DATA Resources Provider [amendments:generated_server_pack], requested by strategy REGEN_ON_EVERY_RELOAD
[09:35:55] [main/INFO]: Generated runtime SERVER_DATA for pack amendments:generated_server_pack in 17.06 ms
[09:35:55] [main/INFO]: Skipping regeneration for Dynamic SERVER_DATA Resources Provider [supplementaries:generated_pack] (cache up-to-date)
[09:35:55] [main/INFO]: Finished runtime resources generation for 2 packs in a total of 23.58 ms 
[09:35:59] [Worker-Main-1/INFO]: Loaded config simplyswords:loot in 119ms
[09:36:00] [Worker-Main-1/WARN]: Found loot table element validation problem in {minecraft:loot_table/explorify:chest/dark_forest_settlement}.pools[0].entries[0]->{minecraft:chests/village/village_plains_house}.pools[3].entries[0]: Unknown loot table called farmersdelight:chests/fd_village_plains_house
[09:36:00] [Worker-Main-1/WARN]: Found loot table element validation problem in {minecraft:loot_table/minecraft:chests/pillager_outpost}.pools[13].entries[0]: Unknown loot table called farmersdelight:chests/fd_pillager_outpost
[09:36:00] [Worker-Main-1/WARN]: Found loot table element validation problem in {minecraft:loot_table/minecraft:chests/village/village_taiga_house}.pools[3].entries[0]: Unknown loot table called farmersdelight:chests/fd_village_taiga_house
[09:36:00] [Worker-Main-1/WARN]: Found loot table element validation problem in {minecraft:loot_table/minecraft:chests/simple_dungeon}.pools[11].entries[0]: Unknown loot table called farmersdelight:chests/fd_simple_dungeon
[09:36:00] [Worker-Main-1/WARN]: Found loot table element validation problem in {minecraft:loot_table/minecraft:chests/abandoned_mineshaft}.pools[13].entries[0]: Unknown loot table called farmersdelight:chests/fd_abandoned_mineshaft
[09:36:00] [Worker-Main-1/WARN]: Found loot table element validation problem in {minecraft:loot_table/minecraft:chests/bastion_hoglin_stable}.pools[9].entries[0]: Unknown loot table called farmersdelight:chests/fd_bastion_hoglin_stable
[09:36:00] [Worker-Main-1/WARN]: Found loot table element validation problem in {minecraft:loot_table/minecraft:chests/village/village_desert_house}.pools[3].entries[0]: Unknown loot table called farmersdelight:chests/fd_village_desert_house
[09:36:00] [Worker-Main-1/WARN]: Found loot table element validation problem in {minecraft:loot_table/minecraft:chests/village/village_snowy_house}.pools[3].entries[0]: Unknown loot table called farmersdelight:chests/fd_village_snowy_house
[09:36:00] [Worker-Main-1/WARN]: Found loot table element validation problem in {minecraft:loot_table/minecraft:chests/village/village_plains_house}.pools[3].entries[0]: Unknown loot table called farmersdelight:chests/fd_village_plains_house
[09:36:00] [Worker-Main-1/WARN]: Found loot table element validation problem in {minecraft:loot_table/minecraft:chests/shipwreck_supply}.pools[7].entries[0]: Unknown loot table called farmersdelight:chests/fd_shipwreck_supply
[09:36:00] [Worker-Main-1/WARN]: Found loot table element validation problem in {minecraft:loot_table/minecraft:chests/end_city_treasure}.pools[8].entries[0]: Unknown loot table called farmersdelight:chests/fd_end_city_treasure
[09:36:00] [Worker-Main-1/WARN]: Found loot table element validation problem in {minecraft:loot_table/minecraft:chests/village/village_butcher}.pools[3].entries[0]: Unknown loot table called farmersdelight:chests/fd_village_butcher
[09:36:00] [Worker-Main-1/WARN]: Found loot table element validation problem in {minecraft:loot_table/minecraft:chests/village/village_savanna_house}.pools[3].entries[0]: Unknown loot table called farmersdelight:chests/fd_village_savanna_house
[09:36:00] [Worker-Main-1/WARN]: Found loot table element validation problem in {minecraft:loot_table/minecraft:chests/bastion_treasure}.pools[9].entries[0]: Unknown loot table called farmersdelight:chests/fd_bastion_treasure
[09:36:00] [Worker-Main-1/WARN]: Found loot table element validation problem in {minecraft:loot_table/minecraft:chests/ruined_portal}.pools[6].entries[0]: Unknown loot table called farmersdelight:chests/fd_ruined_portal
[09:36:03] [main/INFO]: Loaded 3450 recipes
[09:36:04] [main/INFO]: Loaded 2614 advancements
[09:36:04] [main/INFO]: Applied 17 data villager trades
[09:36:04] [main/INFO]: Failed to load custom color set definition {"id":"quark:rune","colors":{"default":"quark:blank_rune"},"replace":false}. Ignoring
[09:36:04] [main/INFO]: Failed to load custom color set definition {"id":"quark:shard","colors":{"default":"quark:clear_shard"},"replace":false}. Ignoring
[09:36:04] [main/WARN]: Could not decode GlobalLootModifier with json id supplementaries:fishing_antique_ink_treasure - error: Unknown registry key in ResourceKey[minecraft:root / porting_lib:global_loot_modifier_serializers]: moonlight:add_item
[09:36:04] [main/WARN]: Could not decode GlobalLootModifier with json id supplementaries:straw_from_flax - error: Unknown registry key in ResourceKey[minecraft:root / porting_lib:global_loot_modifier_serializers]: moonlight:add_item
[09:36:04] [main/WARN]: Could not decode GlobalLootModifier with json id supplementaries:replace_rope - error: Unknown registry key in ResourceKey[minecraft:root / porting_lib:global_loot_modifier_serializers]: supplementaries:replace_rope
[09:36:04] [main/WARN]: Could not decode GlobalLootModifier with json id supplementaries:fishing_antique_ink - error: Unknown registry key in ResourceKey[minecraft:root / porting_lib:global_loot_modifier_serializers]: moonlight:add_item
[09:36:04] [main/WARN]: Could not decode GlobalLootModifier with json id supplementaries:ash_from_burning_mobs - error: Unknown registry key in ResourceKey[minecraft:root / porting_lib:global_loot_modifier_serializers]: moonlight:add_item
[09:36:04] [main/INFO]: Loaded 29 flute songs
[09:36:04] [main/WARN]: Not all defined tags for registry ResourceKey[minecraft:root / minecraft:item] are present in data pack: c:ingots/lead, c:storage_blocks/lead
[09:36:04] [main/INFO]: Registering custom dispenser behaviors
[09:36:04] [main/WARN]: Initial datapack load took 10.45 s
[09:36:05] [main/INFO]: Applied 1306 biome modifications to 63 of 64 new biomes in 106.5 ms
[09:36:05] [Server thread/INFO]: Initialized mcCoroutineScope (MinecraftServer as executor)
[09:36:05] [Server thread/INFO]: Dispatching loading event for config easymagic-server.toml
[09:36:05] [Console thread/INFO]: Initialized Better Fabric Console console thread.
[09:36:05] [Server thread/INFO]: Sent config sync packet to 0 player(s)
[09:36:05] [Server thread/WARN]: No player list available!
[09:36:05] [Server thread/INFO]: Starting minecraft server version 1.21.1
[09:36:05] [Server console handler/INFO]: Shutting down vanilla console thread...
[09:36:05] [Server thread/INFO]: Loading properties
[09:36:05] [Server thread/INFO]: Default game type: SURVIVAL
[09:36:05] [Server thread/INFO]: Generating keypair
[09:36:05] [Server thread/INFO]: Starting Minecraft server on *:28282
[09:36:06] [Server thread/INFO]: Using epoll channel type
[09:36:06] [Server thread/WARN]: **** SERVER IS RUNNING IN OFFLINE/INSECURE MODE!
[09:36:06] [Server thread/WARN]: The server will make no attempt to authenticate usernames. Beware.
[09:36:06] [Server thread/WARN]: While this makes the game possible to play without internet access, it also opens up the ability for hackers to connect with any username they choose.
[09:36:06] [Server thread/WARN]: To change this, set "online-mode" to "true" in the server.properties file.
[09:36:06] [Server thread/INFO]: Preparing level "Paia's SMP"
[09:36:07] [Server thread/INFO]: Preparing start region for dimension minecraft:overworld
[09:36:07] [Server thread/WARN]: Method overwrite conflict for removeIf in modernfix-common.mixins.json:bugfix.paper_chunk_patches.SortedArraySetMixin from mod modernfix, previously written by net.caffeinemc.mods.lithium.mixin.collections.chunk_tickets.SortedArraySetMixin. Skipping method.
[09:36:07] [Server thread/INFO]: [STDOUT]: [ScalableLux] Lighting scaling is disabled (due to low parallelism in the settings)
[09:36:08] [Worker-Main-2/INFO]: Preparing spawn area: 0%
[09:36:08] [Worker-Main-2/INFO]: Preparing spawn area: 0%
[09:36:08] [Worker-Main-2/INFO]: Preparing spawn area: 0%
[09:36:09] [Worker-Main-2/INFO]: Preparing spawn area: 95%
[09:36:09] [Server thread/INFO]: Time elapsed: 1517 ms
[09:36:09] [Server thread/INFO]: Done (3.019s)! For help, type "help"
[09:36:09] [Server thread/WARN]: Dedicated server took 97.229 seconds to load
[09:36:09] [Server thread/INFO]: Loading audio file volume overrides...
[09:36:09] [Server thread/INFO]: Loading audio file name mappings...
[09:36:14] [Server thread/WARN]: [voicechat] Running in offline mode - Voice chat encryption is not secure!
[09:36:14] [VoiceChatServerThread/INFO]: [voicechat] Voice host is 'winnings-showcase.gl.at.ply.gg:9392'
[09:36:14] [VoiceChatServerThread/INFO]: [voicechat] Voice chat server started at port 46767
[09:36:14] [Server thread/WARN]: Can't keep up! Is the server overloaded? Running 5296ms or 105 ticks behind
[09:36:15] [Server thread/INFO]: [STDOUT]: Lithium Cached BlockState Flags are disabled!
[12:14:43] [Netty Epoll Server IO #1/INFO]: [STDOUT]: {"fallingtrees:client#miningShould.0": CHOP_TREE, "fallingtrees:client#miningWhileCrouchingShould.1": MINE_SINGLE_BLOCK}
[12:14:45] [Server thread/INFO]: Flero114[/192.168.0.20:40866] logged in with entity id 7 at (76.97352302112093, 56.0625, 501.4970090619076)
[12:14:45] [Server thread/INFO]: Sending server config values to client
[12:14:45] [Server thread/INFO]: Sent config sync packet to 1 player(s)
[12:14:45] [Server thread/INFO]: Loading config from file...
[12:14:45] [Server thread/INFO]: Using Fabric Permissions API
[12:14:45] [Server thread/INFO]: [voicechat] Using Fabric Permissions API
[12:14:45] [Server thread/INFO]: [93mFlero114 joined the game[0m
[12:14:45] [Server thread/INFO]: Sending item configs to client
[12:14:46] [Server thread/INFO]: [showmeyourskin] Client of Flero114 accepted server config.
[12:14:46] [Server thread/INFO]: Receiving client config
[12:14:46] [Server thread/INFO]: [voicechat] Received secret request of Flero114 (20)
[12:14:46] [Server thread/INFO]: [voicechat] Sent secret to Flero114
[12:14:53] [VoiceChatPacketProcessingThread/INFO]: [voicechat] Successfully authenticated player 1813ca8a-bc4f-35f7-9276-bada8688ccf4
[12:14:55] [VoiceChatPacketProcessingThread/INFO]: [voicechat] Successfully validated connection of player 1813ca8a-bc4f-35f7-9276-bada8688ccf4
[12:14:55] [VoiceChatPacketProcessingThread/INFO]: [voicechat] Player Flero114 (1813ca8a-bc4f-35f7-9276-bada8688ccf4) successfully connected to voice chat
[12:15:10] [Server thread/INFO]: Flero114 lost connection: Disconnected
[12:15:10] [Server thread/INFO]: [93mFlero114 left the game[0m
[12:15:10] [Server thread/INFO]: [voicechat] Disconnecting client Flero114
[12:15:46] [Netty Epoll Server IO #4/INFO]: [STDOUT]: {"fallingtrees:client#miningShould.0": CHOP_TREE, "fallingtrees:client#miningWhileCrouchingShould.1": MINE_SINGLE_BLOCK}
[12:15:47] [Server thread/INFO]: Flero114[/192.168.0.20:53582] logged in with entity id 351 at (101.55971046436213, 56.0, 501.37411874092817)
[12:15:47] [Server thread/INFO]: Sending server config values to client
[12:15:47] [Server thread/INFO]: Sent config sync packet to 1 player(s)
[12:15:47] [Server thread/INFO]: Loading config from file...
[12:15:47] [Server thread/INFO]: [93mFlero114 joined the game[0m
[12:15:47] [Server thread/INFO]: Sending item configs to client
[12:15:48] [Server thread/INFO]: [showmeyourskin] Client of Flero114 accepted server config.
[12:15:48] [Server thread/INFO]: Receiving client config
[12:15:48] [Server thread/INFO]: [voicechat] Received secret request of Flero114 (20)
[12:15:48] [Server thread/INFO]: [voicechat] Sent secret to Flero114
[12:15:54] [VoiceChatPacketProcessingThread/INFO]: [voicechat] Successfully authenticated player 1813ca8a-bc4f-35f7-9276-bada8688ccf4
[12:15:55] [VoiceChatPacketProcessingThread/INFO]: [voicechat] Successfully validated connection of player 1813ca8a-bc4f-35f7-9276-bada8688ccf4
[12:15:55] [VoiceChatPacketProcessingThread/INFO]: [voicechat] Player Flero114 (1813ca8a-bc4f-35f7-9276-bada8688ccf4) successfully connected to voice chat
[12:16:17] [Server thread/INFO]: [STDOUT]: 执行 tick 方法
[12:16:17] [Server thread/INFO]: [STDOUT]: 执行 tick 方法
[12:16:17] [Server thread/INFO]: [STDOUT]: 执行 tick 方法
[12:16:17] [Server thread/INFO]: [STDOUT]: 执行 tick 方法
[12:16:17] [Server thread/INFO]: [STDOUT]: 执行 tick 方法
[12:16:17] [Server thread/INFO]: [STDOUT]: 执行 tick 方法
[12:16:18] [Server thread/INFO]: [STDOUT]: 执行 tick 方法
[12:16:18] [Server thread/INFO]: [STDOUT]: 执行 tick 方法
[12:16:18] [Server thread/INFO]: [STDOUT]: 执行 tick 方法
[12:16:18] [Server thread/INFO]: [STDOUT]: 执行 tick 方法
[12:16:18] [Server thread/INFO]: [STDOUT]: 执行 tick 方法
[12:16:18] [Server thread/INFO]: [STDOUT]: 执行 tick 方法
[12:16:18] [Server thread/INFO]: [STDOUT]: 执行 tick 方法
[12:16:18] [Server thread/INFO]: [STDOUT]: 执行 tick 方法
[12:16:18] [Server thread/INFO]: [STDOUT]: 执行 tick 方法
[12:16:18] [Server thread/INFO]: [STDOUT]: 执行 tick 方法
[12:16:18] [Server thread/INFO]: [STDOUT]: 执行 tick 方法
[12:16:18] [Server thread/INFO]: [STDOUT]: 执行 tick 方法
[12:16:18] [Server thread/INFO]: [STDOUT]: 执行 tick 方法
[12:16:18] [Server thread/INFO]: [STDOUT]: 执行 tick 方法
[12:16:18] [Server thread/INFO]: [STDOUT]: 执行 tick 方法
[12:16:18] [Server thread/INFO]: [STDOUT]: 执行 tick 方法
[12:16:18] [Server thread/INFO]: [STDOUT]: 执行 tick 方法
[12:16:18] [Server thread/INFO]: [STDOUT]: 执行 tick 方法
[12:16:18] [Server thread/INFO]: [STDOUT]: 执行 tick 方法
[12:16:18] [Server thread/INFO]: [STDOUT]: 执行 tick 方法
[12:16:18] [Server thread/INFO]: [STDOUT]: 执行 tick 方法
[12:16:18] [Server thread/INFO]: [STDOUT]: 执行 tick 方法
[12:16:18] [Server thread/INFO]: [STDOUT]: 执行 tick 方法
[12:16:18] [Server thread/INFO]: [STDOUT]: 执行 tick 方法
[12:16:18] [Server thread/INFO]: [STDOUT]: 执行 tick 方法
[12:16:18] [Server thread/INFO]: [STDOUT]: 执行 tick 方法
[12:16:18] [Server thread/INFO]: [STDOUT]: 执行 tick 方法
[12:16:18] [Server thread/INFO]: [STDOUT]: 执行 tick 方法
[12:16:19] [Server thread/INFO]: [STDOUT]: 执行 tick 方法
[12:16:19] [Server thread/INFO]: [STDOUT]: 执行 tick 方法
[12:16:19] [Server thread/INFO]: [STDOUT]: 执行 tick 方法
[12:16:19] [Server thread/INFO]: [STDOUT]: 执行 tick 方法
[12:16:19] [Server thread/INFO]: [STDOUT]: 执行 tick 方法
[12:16:19] [Server thread/INFO]: [STDOUT]: 执行 tick 方法
[12:16:19] [Server thread/INFO]: [STDOUT]: 执行 tick 方法
[12:16:19] [Server thread/INFO]: [STDOUT]: 执行 tick 方法
[12:16:19] [Server thread/INFO]: [STDOUT]: 执行 tick 方法
[12:16:19] [Server thread/INFO]: [STDOUT]: 执行 tick 方法
[12:16:19] [Server thread/INFO]: [STDOUT]: 执行 tick 方法
[12:16:19] [Server thread/INFO]: [STDOUT]: 执行 tick 方法
[12:16:19] [Server thread/INFO]: [STDOUT]: 执行 tick 方法
[12:16:19] [Server thread/INFO]: [STDOUT]: 执行 tick 方法
[12:16:19] [Server thread/INFO]: [STDOUT]: 执行 tick 方法
[12:16:19] [Server thread/INFO]: [STDOUT]: 执行 tick 方法
[12:16:19] [Server thread/INFO]: [STDOUT]: 执行 tick 方法
[12:16:19] [Server thread/INFO]: [STDOUT]: 执行 tick 方法
[12:16:19] [Server thread/INFO]: [STDOUT]: 执行 tick 方法
[12:16:19] [Server thread/INFO]: [STDOUT]: 执行 tick 方法
[12:16:19] [Server thread/INFO]: [STDOUT]: 执行 tick 方法
[12:16:19] [Server thread/INFO]: [STDOUT]: 执行 tick 方法
[12:16:19] [Server thread/INFO]: [STDOUT]: 执行 tick 方法
[12:16:19] [Server thread/INFO]: [STDOUT]: 执行 tick 方法
[12:16:19] [Server thread/INFO]: [STDOUT]: 执行 tick 方法
[12:16:19] [Server thread/INFO]: [STDOUT]: 执行 tick 方法
[12:16:19] [Server thread/INFO]: [STDOUT]: 执行 tick 方法
[12:16:19] [Server thread/INFO]: [STDOUT]: 执行 tick 方法
[12:16:19] [Server thread/INFO]: [STDOUT]: 执行 tick 方法
[12:16:19] [Server thread/INFO]: [STDOUT]: 执行 tick 方法
[12:16:19] [Server thread/INFO]: [STDOUT]: 执行 tick 方法
[12:16:19] [Server thread/INFO]: [STDOUT]: 执行 tick 方法
[12:16:20] [Server thread/INFO]: [STDOUT]: 执行 tick 方法
[12:16:20] [Server thread/INFO]: [STDOUT]: 执行 tick 方法
[12:16:20] [Server thread/INFO]: [STDOUT]: 执行 tick 方法
[12:16:20] [Server thread/INFO]: [STDOUT]: 执行 tick 方法
[12:16:20] [Server thread/INFO]: [STDOUT]: 执行 tick 方法
[12:16:20] [Server thread/INFO]: [STDOUT]: 执行 tick 方法
[12:16:20] [Server thread/INFO]: [STDOUT]: 执行 tick 方法
[12:16:20] [Server thread/INFO]: [STDOUT]: 执行 tick 方法
[12:16:20] [Server thread/INFO]: [STDOUT]: 执行 tick 方法
[12:16:20] [Server thread/INFO]: [STDOUT]: 执行 tick 方法
[12:16:20] [Server thread/INFO]: [STDOUT]: 执行 tick 方法
[12:16:20] [Server thread/INFO]: [STDOUT]: 执行 tick 方法
[12:16:20] [Server thread/INFO]: [STDOUT]: 执行 tick 方法
[12:16:20] [Server thread/INFO]: [STDOUT]: 执行 tick 方法
[12:16:20] [Server thread/INFO]: [STDOUT]: 执行 tick 方法
[12:16:20] [Server thread/INFO]: [STDOUT]: 执行 tick 方法
[12:16:20] [Server thread/INFO]: [STDOUT]: 执行 tick 方法
[12:16:20] [Server thread/INFO]: [STDOUT]: 执行 tick 方法
[12:16:20] [Server thread/INFO]: [STDOUT]: 执行 tick 方法
[12:16:20] [Server thread/INFO]: [STDOUT]: 执行 tick 方法
[12:16:20] [Server thread/INFO]: [STDOUT]: 执行 tick 方法
[12:16:20] [Server thread/INFO]: [STDOUT]: 执行 tick 方法
[12:16:20] [Server thread/INFO]: [STDOUT]: 执行 tick 方法
[12:16:21] [Server thread/INFO]: [STDOUT]: 执行 tick 方法
[12:16:21] [Server thread/INFO]: [STDOUT]: 执行 tick 方法
[12:16:21] [Server thread/INFO]: [STDOUT]: 执行 tick 方法
[12:16:21] [Server thread/INFO]: [STDOUT]: 执行 tick 方法
[12:16:21] [Server thread/INFO]: [STDOUT]: 执行 tick 方法
[12:16:21] [Server thread/INFO]: [STDOUT]: 执行 tick 方法
[12:16:21] [Server thread/INFO]: [STDOUT]: 执行 tick 方法
[12:16:21] [Server thread/INFO]: [STDOUT]: 执行 tick 方法
[12:16:21] [Server thread/INFO]: [STDOUT]: 执行 tick 方法
[12:16:21] [Server thread/INFO]: [STDOUT]: 执行 tick 方法
[12:16:21] [Server thread/INFO]: [STDOUT]: 执行 tick 方法
[12:17:43] [Server thread/WARN]: Scarlet Biplane (vehicle of Flero114) moved too quickly! 0.7782394399717418,1.7667003190558432,-10.057913805443945
[12:17:43] [Server thread/WARN]: Scarlet Biplane (vehicle of Flero114) moved too quickly! 0.8565446598161088,1.9448261977207721,-11.062662341798898
[12:17:43] [Server thread/WARN]: Scarlet Biplane (vehicle of Flero114) moved too quickly! 0.93494012052588,2.1231907212809062,-12.0672181616211
[12:17:43] [Server thread/WARN]: Scarlet Biplane (vehicle of Flero114) moved too quickly! 1.0134263677983313,2.301785053249887,-13.071581966759766
[12:17:43] [Server thread/WARN]: Scarlet Biplane (vehicle of Flero114) moved too quickly! 1.092004233809007,2.4805996515021604,-14.07575444592851
[12:17:43] [Server thread/WARN]: Scarlet Biplane (vehicle of Flero114) moved too quickly! 1.1706741202642093,2.6596243756038405,-15.079736670643797
[12:17:43] [Server thread/WARN]: Scarlet Biplane (vehicle of Flero114) moved too quickly! 1.2494365151737838,2.838848596319167,-16.083530443090467
[12:17:43] [Server thread/WARN]: Scarlet Biplane (vehicle of Flero114) moved too quickly! 1.3282921089260071,3.018261204580284,-17.087138065085185
[12:17:43] [Server thread/WARN]: Scarlet Biplane (vehicle of Flero114) moved too quickly! 1.4072419404234893,3.1978505168114566,-18.09056150975806
[12:17:43] [Server thread/WARN]: Scarlet Biplane (vehicle of Flero114) moved too quickly! 1.4862869794564517,3.3776045225863243,-19.093803545681396
[12:17:43] [Server thread/WARN]: Scarlet Biplane (vehicle of Flero114) moved too quickly! 1.5654281196677857,3.557510902804978,-20.096867524888637
[12:17:43] [Server thread/WARN]: Scarlet Biplane (vehicle of Flero114) moved too quickly! 1.6446661245568066,3.737556952146406,-21.099756648275275
[12:17:43] [Server thread/WARN]: Scarlet Biplane (vehicle of Flero114) moved too quickly! 1.7240019522448051,3.91772983746813,-22.102475085961714
[12:17:43] [Server thread/WARN]: Scarlet Biplane (vehicle of Flero114) moved too quickly! 1.8034369113879052,4.09801641798208,-23.105026561061834
[12:17:43] [Server thread/WARN]: Scarlet Biplane (vehicle of Flero114) moved too quickly! 1.8829720721209355,4.278403501222698,-24.107415536533438
[12:17:43] [Server thread/WARN]: Scarlet Biplane (vehicle of Flero114) moved too quickly! 1.9626088578630743,4.458877781149596,-25.10964641984907
[12:17:43] [Server thread/WARN]: Scarlet Biplane (vehicle of Flero114) moved too quickly! 2.0423490037984493,4.639425989497539,-26.111724152393606
[12:17:43] [Server thread/WARN]: Scarlet Biplane (vehicle of Flero114) moved too quickly! 1.422170604317671,3.23121360144566,-18.06068132016793
[12:21:16] [Server thread/WARN]: Scarlet Biplane (vehicle of Flero114) moved too quickly! 9.587533114459234,0.2891251006436164,-5.3796043132992395
[12:21:16] [Server thread/WARN]: Scarlet Biplane (vehicle of Flero114) moved too quickly! 10.614179028885928,0.3164413309722818,-5.790579521668008
[12:21:16] [Server thread/WARN]: Scarlet Biplane (vehicle of Flero114) moved too quickly! 11.649697025219098,0.343435381965719,-6.181675386136192
[12:21:16] [Server thread/WARN]: Scarlet Biplane (vehicle of Flero114) moved too quickly! 12.693225857555376,0.3701014270744736,-6.554408327202225
[12:21:16] [Server thread/WARN]: Scarlet Biplane (vehicle of Flero114) moved too quickly! 13.743972248810564,0.3964345330979313,-6.910334073505169
[12:21:16] [Server thread/WARN]: Scarlet Biplane (vehicle of Flero114) moved too quickly! 14.801213877435998,0.4224306060387448,-7.250996024525591
[12:21:16] [Server thread/WARN]: Scarlet Biplane (vehicle of Flero114) moved too quickly! 15.864302195098958,0.4480864725417746,-7.577890286882621
[12:21:16] [Server thread/WARN]: Scarlet Biplane (vehicle of Flero114) moved too quickly! 16.93265784925518,0.4733998782028266,-7.892441183494498
[12:21:16] [Server thread/WARN]: Scarlet Biplane (vehicle of Flero114) moved too quickly! 18.005765571329107,0.49836953003654116,-8.195986137252817
[12:21:16] [Server thread/WARN]: Scarlet Biplane (vehicle of Flero114) moved too quickly! 19.083167023910846,0.5229951214977859,-8.489766815466396
[12:21:16] [Server thread/WARN]: Scarlet Biplane (vehicle of Flero114) moved too quickly! 20.16445619769661,0.5472774247237453,-8.774925955182312
[12:21:16] [Server thread/WARN]: Scarlet Biplane (vehicle of Flero114) moved too quickly! 21.249273526329375,0.5712183542593721,-9.052507439796045
[12:21:16] [Server thread/WARN]: Scarlet Biplane (vehicle of Flero114) moved too quickly! 22.337300377500696,0.5948210310069726,-9.323458778684994
[12:21:16] [Server thread/WARN]: Scarlet Biplane (vehicle of Flero114) moved too quickly! 23.428252599133543,0.6180898156086414,-9.588635029152101
[12:21:16] [Server thread/WARN]: Scarlet Biplane (vehicle of Flero114) moved too quickly! 24.521878800982336,0.6410304217986891,-9.848804659175869
[12:21:16] [Server thread/WARN]: Scarlet Biplane (vehicle of Flero114) moved too quickly! 25.617953319848084,0.6636499090362804,-10.104654775692495
[12:21:16] [Server thread/WARN]: Scarlet Biplane (vehicle of Flero114) moved too quickly! 26.716275365551496,0.6859567782346971,-10.356798031329106
[12:21:16] [Server thread/WARN]: Scarlet Biplane (vehicle of Flero114) moved too quickly! 27.816664267397414,0.7079609767982902,-10.605778441750033
[12:21:16] [Server thread/WARN]: Scarlet Biplane (vehicle of Flero114) moved too quickly! 28.91895790297974,0.7296739461178277,-10.852077661569751
[12:21:16] [Server thread/WARN]: Scarlet Biplane (vehicle of Flero114) moved too quickly! 30.023009862276695,0.7511086317076092,-11.096120910007812
[12:21:16] [Server thread/WARN]: Scarlet Biplane (vehicle of Flero114) moved too quickly! 31.128688370942314,0.7722795076724651,-11.338282529002527
[12:21:16] [Server thread/WARN]: Scarlet Biplane (vehicle of Flero114) moved too quickly! 32.235872523197486,0.7932025416188253,-11.578890854848908
[12:21:16] [Server thread/WARN]: Scarlet Biplane (vehicle of Flero114) moved too quickly! 33.344452937452274,0.8138952250768057,-11.818233470497887
[12:21:16] [Server thread/WARN]: Scarlet Biplane (vehicle of Flero114) moved too quickly! 34.454328268263794,0.8343765136515913,-12.056561021396249
[12:21:16] [Server thread/WARN]: Scarlet Biplane (vehicle of Flero114) moved too quickly! 35.56540751692273,0.8546668620692799,-12.294091936518612
[12:21:16] [Server thread/WARN]: Scarlet Biplane (vehicle of Flero114) moved too quickly! 36.67760528410065,0.8747881216670521,-12.531015250549501
[12:21:16] [Server thread/WARN]: Scarlet Biplane (vehicle of Flero114) moved too quickly! 37.79084277294521,0.8947635279502038,-12.767494226459519
[12:21:16] [Server thread/WARN]: Scarlet Biplane (vehicle of Flero114) moved too quickly! 30.334373890402844,0.6531242632477188,-8.05632645240047
[12:21:16] [Server thread/WARN]: Scarlet Biplane (vehicle of Flero114) moved too quickly! 31.44947360493211,0.6728828734059675,-8.292317052861506
[12:22:43] [Server thread/INFO]: [STDOUT]: 执行 tick 方法
[12:22:43] [Server thread/INFO]: [STDOUT]: 执行 tick 方法
[12:22:55] [Server thread/WARN]: Scarlet Biplane (vehicle of Flero114) moved too quickly! 10.035021418077207,-0.860527177219609,-1.8334484672213875
[12:22:55] [Server thread/WARN]: Scarlet Biplane (vehicle of Flero114) moved too quickly! 11.283467014320422,-0.9630741400839327,-2.0901609947320594
[12:22:55] [Server thread/WARN]: Scarlet Biplane (vehicle of Flero114) moved too quickly! 12.528310736146523,-1.064433084198356,-2.3612212665325387
[12:22:55] [Server thread/WARN]: Scarlet Biplane (vehicle of Flero114) moved too quickly! 13.76857552946987,-1.1645879160804498,-2.649260037235763
[12:22:55] [Server thread/WARN]: Scarlet Biplane (vehicle of Flero114) moved too quickly! 15.003194291588699,-1.2635246041515984,-2.9567429933001677
[12:22:55] [Server thread/WARN]: Scarlet Biplane (vehicle of Flero114) moved too quickly! 16.23111046655282,-1.3612313866896386,-3.2856883965787347
[12:22:55] [Server thread/WARN]: Scarlet Biplane (vehicle of Flero114) moved too quickly! 17.45161324983937,-1.4576998890144068,-3.636860937591109
[12:22:55] [Server thread/WARN]: Scarlet Biplane (vehicle of Flero114) moved too quickly! 18.664294473981897,-1.552926012553769,-4.010142747305281
[12:22:55] [Server thread/WARN]: Scarlet Biplane (vehicle of Flero114) moved too quickly! 19.868999513717597,-1.646910293209828,-4.404814328194334
[12:22:55] [Server thread/WARN]: Scarlet Biplane (vehicle of Flero114) moved too quickly! 21.065777823380017,-1.7396578987849693,-4.8197648208547434
[12:22:55] [Server thread/WARN]: Scarlet Biplane (vehicle of Flero114) moved too quickly! 22.25483699168896,-1.8311784268982478,-5.253647304267361
[12:22:55] [Server thread/WARN]: Scarlet Biplane (vehicle of Flero114) moved too quickly! 23.436500047123474,-1.9214854595966528,-5.704991251225692
[12:22:55] [Server thread/WARN]: Scarlet Biplane (vehicle of Flero114) moved too quickly! 24.61117067990105,-2.010596215813422,-6.172283489561323
[12:22:55] [Server thread/WARN]: Scarlet Biplane (vehicle of Flero114) moved too quickly! 25.779303459736838,-2.0985311283605483,-6.654024339643911
[12:22:55] [Server thread/WARN]: Scarlet Biplane (vehicle of Flero114) moved too quickly! 26.94137934477544,-2.1853134306890922,-7.148765362212771
[12:22:55] [Server thread/WARN]: Scarlet Biplane (vehicle of Flero114) moved too quickly! 28.09788713164943,-2.2709688412278126,-7.655134037749804
[12:22:59] [Server thread/INFO]: [STDOUT]: 执行 tick 方法
[12:22:59] [Server thread/INFO]: [STDOUT]: 执行 tick 方法
[12:22:59] [Server thread/INFO]: [STDOUT]: 执行 tick 方法
[12:22:59] [Server thread/INFO]: [STDOUT]: 执行 tick 方法
[12:22:59] [Server thread/INFO]: [STDOUT]: 执行 tick 方法
[12:22:59] [Server thread/INFO]: [STDOUT]: 执行 tick 方法
[12:23:00] [Server thread/INFO]: [STDOUT]: 执行 tick 方法
[12:23:00] [Server thread/INFO]: [STDOUT]: 执行 tick 方法
[12:23:00] [Server thread/INFO]: [STDOUT]: 执行 tick 方法
[12:23:00] [Server thread/INFO]: [STDOUT]: 执行 tick 方法
[12:23:00] [Server thread/INFO]: [STDOUT]: 执行 tick 方法
[12:23:00] [Server thread/INFO]: [STDOUT]: 执行 tick 方法
[12:23:00] [Server thread/INFO]: [STDOUT]: 执行 tick 方法
[12:23:00] [Server thread/INFO]: [STDOUT]: 执行 tick 方法
[12:23:00] [Server thread/INFO]: [STDOUT]: 执行 tick 方法
[12:23:00] [Server thread/INFO]: [STDOUT]: 执行 tick 方法
[12:23:01] [Server thread/INFO]: [STDOUT]: 执行 tick 方法
[12:23:01] [Server thread/INFO]: [STDOUT]: 执行 tick 方法
[12:23:01] [Server thread/INFO]: [STDOUT]: 执行 tick 方法
[12:23:01] [Server thread/INFO]: [STDOUT]: 执行 tick 方法
[12:23:01] [Server thread/INFO]: [STDOUT]: 执行 tick 方法
[12:23:01] [Server thread/INFO]: [STDOUT]: 执行 tick 方法
[12:23:01] [Server thread/INFO]: [STDOUT]: 执行 tick 方法
[12:23:01] [Server thread/INFO]: [STDOUT]: 执行 tick 方法
[12:23:01] [Server thread/INFO]: [STDOUT]: 执行 tick 方法
[12:23:01] [Server thread/INFO]: [STDOUT]: 执行 tick 方法
[12:23:01] [Server thread/INFO]: [STDOUT]: 执行 tick 方法
[12:23:01] [Server thread/INFO]: [STDOUT]: 执行 tick 方法
[12:23:01] [Server thread/INFO]: [STDOUT]: 执行 tick 方法
[12:23:01] [Server thread/INFO]: [STDOUT]: 执行 tick 方法
[12:23:01] [Server thread/INFO]: [STDOUT]: 执行 tick 方法
[12:23:01] [Server thread/INFO]: [STDOUT]: 执行 tick 方法
[12:23:01] [Server thread/INFO]: [STDOUT]: 执行 tick 方法
[12:23:02] [Server thread/INFO]: [STDOUT]: 执行 tick 方法
[12:23:02] [Server thread/INFO]: [STDOUT]: 执行 tick 方法
[12:23:02] [Server thread/INFO]: [STDOUT]: 执行 tick 方法
[12:23:02] [Server thread/INFO]: [STDOUT]: 执行 tick 方法
[12:23:02] [Server thread/INFO]: [STDOUT]: 执行 tick 方法
[12:23:02] [Server thread/INFO]: [STDOUT]: 执行 tick 方法
[12:23:02] [Server thread/INFO]: [STDOUT]: 执行 tick 方法
[12:23:02] [Server thread/INFO]: [STDOUT]: 执行 tick 方法
[12:23:02] [Server thread/INFO]: [STDOUT]: 执行 tick 方法
[12:23:02] [Server thread/INFO]: [STDOUT]: 执行 tick 方法
[12:23:02] [Server thread/INFO]: [STDOUT]: 执行 tick 方法
[12:23:02] [Server thread/INFO]: [STDOUT]: 执行 tick 方法
[12:23:02] [Server thread/INFO]: [STDOUT]: 执行 tick 方法
[12:23:02] [Server thread/INFO]: [STDOUT]: 执行 tick 方法
[12:23:02] [Server thread/INFO]: [STDOUT]: 执行 tick 方法
[12:23:02] [Server thread/INFO]: [STDOUT]: 执行 tick 方法
[12:23:02] [Server thread/INFO]: [STDOUT]: 执行 tick 方法
[12:23:02] [Server thread/INFO]: [STDOUT]: 执行 tick 方法
[12:23:02] [Server thread/INFO]: [STDOUT]: 执行 tick 方法
[12:23:02] [Server thread/INFO]: [STDOUT]: 执行 tick 方法
[12:23:02] [Server thread/INFO]: [STDOUT]: 执行 tick 方法
[12:23:02] [Server thread/INFO]: [STDOUT]: 执行 tick 方法
[12:23:02] [Server thread/INFO]: [STDOUT]: 执行 tick 方法
[12:23:02] [Server thread/INFO]: [STDOUT]: 执行 tick 方法
[12:23:02] [Server thread/INFO]: [STDOUT]: 执行 tick 方法
[12:23:02] [Server thread/INFO]: [STDOUT]: 执行 tick 方法
[12:23:02] [Server thread/INFO]: [STDOUT]: 执行 tick 方法
[12:23:02] [Server thread/INFO]: [STDOUT]: 执行 tick 方法
[12:23:02] [Server thread/INFO]: [STDOUT]: 执行 tick 方法
[12:23:02] [Server thread/INFO]: [STDOUT]: 执行 tick 方法
[12:23:03] [Server thread/INFO]: [STDOUT]: 执行 tick 方法
[12:23:03] [Server thread/INFO]: [STDOUT]: 执行 tick 方法
[12:23:03] [Server thread/INFO]: [STDOUT]: 执行 tick 方法
[12:23:03] [Server thread/INFO]: [STDOUT]: 执行 tick 方法
[12:23:03] [Server thread/INFO]: [STDOUT]: 执行 tick 方法
[12:23:03] [Server thread/INFO]: [STDOUT]: 执行 tick 方法
[12:23:03] [Server thread/INFO]: [STDOUT]: 执行 tick 方法
[12:23:03] [Server thread/INFO]: [STDOUT]: 执行 tick 方法
[12:23:03] [Server thread/INFO]: [STDOUT]: 执行 tick 方法
[12:23:03] [Server thread/INFO]: [STDOUT]: 执行 tick 方法
[12:23:03] [Server thread/INFO]: [STDOUT]: 执行 tick 方法
[12:23:03] [Server thread/INFO]: [STDOUT]: 执行 tick 方法
[12:23:03] [Server thread/INFO]: [STDOUT]: 执行 tick 方法
[12:23:03] [Server thread/INFO]: [STDOUT]: 执行 tick 方法
[12:23:03] [Server thread/INFO]: [STDOUT]: 执行 tick 方法
[12:23:03] [Server thread/INFO]: [STDOUT]: 执行 tick 方法
[12:23:03] [Server thread/INFO]: [STDOUT]: 执行 tick 方法
[12:23:03] [Server thread/INFO]: [STDOUT]: 执行 tick 方法
[12:23:03] [Server thread/INFO]: [STDOUT]: 执行 tick 方法
[12:23:03] [Server thread/INFO]: [STDOUT]: 执行 tick 方法
[12:23:03] [Server thread/INFO]: [STDOUT]: 执行 tick 方法
[12:23:03] [Server thread/INFO]: [STDOUT]: 执行 tick 方法
[12:23:03] [Server thread/INFO]: [STDOUT]: 执行 tick 方法
[12:23:03] [Server thread/INFO]: [STDOUT]: 执行 tick 方法
[12:23:03] [Server thread/INFO]: [STDOUT]: 执行 tick 方法
[12:23:03] [Server thread/INFO]: [STDOUT]: 执行 tick 方法
[12:23:03] [Server thread/INFO]: [STDOUT]: 执行 tick 方法
[12:23:03] [Server thread/INFO]: [STDOUT]: 执行 tick 方法
[12:23:03] [Server thread/INFO]: [STDOUT]: 执行 tick 方法
[12:23:03] [Server thread/INFO]: [STDOUT]: 执行 tick 方法
[12:23:03] [Server thread/INFO]: [STDOUT]: 执行 tick 方法
[12:23:03] [Server thread/INFO]: [STDOUT]: 执行 tick 方法
[12:23:03] [Server thread/INFO]: [STDOUT]: 执行 tick 方法
[12:23:03] [Server thread/INFO]: [STDOUT]: 执行 tick 方法
[12:23:03] [Server thread/INFO]: [STDOUT]: 执行 tick 方法
[12:23:03] [Server thread/INFO]: [STDOUT]: 执行 tick 方法
[12:23:03] [Server thread/INFO]: [STDOUT]: 执行 tick 方法
[12:23:04] [Server thread/INFO]: [STDOUT]: 执行 tick 方法
[12:23:04] [Server thread/INFO]: [STDOUT]: 执行 tick 方法
[12:23:04] [Server thread/INFO]: [STDOUT]: 执行 tick 方法
[12:23:04] [Server thread/INFO]: [STDOUT]: 执行 tick 方法
[12:23:04] [Server thread/INFO]: [STDOUT]: 执行 tick 方法
[12:23:04] [Server thread/INFO]: [STDOUT]: 执行 tick 方法
[12:23:04] [Server thread/INFO]: [STDOUT]: 执行 tick 方法
[12:23:04] [Server thread/INFO]: [STDOUT]: 执行 tick 方法
[12:23:04] [Server thread/INFO]: [STDOUT]: 执行 tick 方法
[12:23:04] [Server thread/INFO]: [STDOUT]: 执行 tick 方法
[12:23:04] [Server thread/INFO]: [STDOUT]: 执行 tick 方法
[12:23:04] [Server thread/INFO]: [STDOUT]: 执行 tick 方法
[12:23:04] [Server thread/INFO]: [STDOUT]: 执行 tick 方法
[12:23:04] [Server thread/INFO]: [STDOUT]: 执行 tick 方法
[12:23:04] [Server thread/INFO]: [STDOUT]: 执行 tick 方法
[12:23:04] [Server thread/INFO]: [STDOUT]: 执行 tick 方法
[12:23:04] [Server thread/INFO]: [STDOUT]: 执行 tick 方法
[12:23:04] [Server thread/INFO]: [STDOUT]: 执行 tick 方法
[12:23:04] [Server thread/INFO]: [STDOUT]: 执行 tick 方法
[12:23:04] [Server thread/INFO]: [STDOUT]: 执行 tick 方法
[12:23:04] [Server thread/INFO]: [STDOUT]: 执行 tick 方法
[12:23:04] [Server thread/INFO]: [STDOUT]: 执行 tick 方法
[12:23:04] [Server thread/INFO]: [STDOUT]: 执行 tick 方法
[12:23:04] [Server thread/INFO]: [STDOUT]: 执行 tick 方法
[12:23:04] [Server thread/INFO]: [STDOUT]: 执行 tick 方法
[12:23:04] [Server thread/INFO]: [STDOUT]: 执行 tick 方法
[12:23:04] [Server thread/INFO]: [STDOUT]: 执行 tick 方法
[12:23:04] [Server thread/INFO]: [STDOUT]: 执行 tick 方法
[12:23:04] [Server thread/INFO]: [STDOUT]: 执行 tick 方法
[12:23:04] [Server thread/INFO]: [STDOUT]: 执行 tick 方法
[12:23:04] [Server thread/INFO]: [STDOUT]: 执行 tick 方法
[12:23:04] [Server thread/INFO]: [STDOUT]: 执行 tick 方法
[12:23:04] [Server thread/INFO]: [STDOUT]: 执行 tick 方法
[12:23:04] [Server thread/INFO]: [STDOUT]: 执行 tick 方法
[12:23:04] [Server thread/INFO]: [STDOUT]: 执行 tick 方法
[12:23:04] [Server thread/INFO]: [STDOUT]: 执行 tick 方法
[12:23:04] [Server thread/INFO]: [STDOUT]: 执行 tick 方法
[12:23:04] [Server thread/INFO]: [STDOUT]: 执行 tick 方法
[12:23:04] [Server thread/INFO]: [STDOUT]: 执行 tick 方法
[12:23:04] [Server thread/INFO]: [STDOUT]: 执行 tick 方法
[12:23:04] [Server thread/INFO]: [STDOUT]: 执行 tick 方法
[12:23:04] [Server thread/INFO]: [STDOUT]: 执行 tick 方法
[12:23:04] [Server thread/INFO]: [STDOUT]: 执行 tick 方法
[12:23:04] [Server thread/INFO]: [STDOUT]: 执行 tick 方法
[12:23:04] [Server thread/INFO]: [STDOUT]: 执行 tick 方法
[12:23:04] [Server thread/INFO]: [STDOUT]: 执行 tick 方法
[12:23:04] [Server thread/INFO]: [STDOUT]: 执行 tick 方法
[12:23:04] [Server thread/INFO]: [STDOUT]: 执行 tick 方法
[12:23:04] [Server thread/INFO]: [STDOUT]: 执行 tick 方法
[12:23:04] [Server thread/INFO]: [STDOUT]: 执行 tick 方法
[12:23:04] [Server thread/INFO]: [STDOUT]: 执行 tick 方法
[12:23:04] [Server thread/INFO]: [STDOUT]: 执行 tick 方法
[12:23:05] [Server thread/INFO]: [STDOUT]: 执行 tick 方法
[12:23:05] [Server thread/INFO]: [STDOUT]: 执行 tick 方法
[12:23:05] [Server thread/INFO]: [STDOUT]: 执行 tick 方法
[12:23:05] [Server thread/INFO]: [STDOUT]: 执行 tick 方法
[12:23:05] [Server thread/INFO]: [STDOUT]: 执行 tick 方法
[12:23:05] [Server thread/INFO]: [STDOUT]: 执行 tick 方法
[12:23:05] [Server thread/INFO]: [STDOUT]: 执行 tick 方法
[12:23:05] [Server thread/INFO]: [STDOUT]: 执行 tick 方法
[12:23:05] [Server thread/INFO]: [STDOUT]: 执行 tick 方法
[12:23:05] [Server thread/INFO]: [STDOUT]: 执行 tick 方法
[12:23:05] [Server thread/INFO]: [STDOUT]: 执行 tick 方法
[12:23:05] [Server thread/INFO]: [STDOUT]: 执行 tick 方法
[12:23:05] [Server thread/INFO]: [STDOUT]: 执行 tick 方法
[12:23:05] [Server thread/INFO]: [STDOUT]: 执行 tick 方法
[12:23:05] [Server thread/INFO]: [STDOUT]: 执行 tick 方法
[12:23:05] [Server thread/INFO]: [STDOUT]: 执行 tick 方法
[12:23:05] [Server thread/INFO]: [STDOUT]: 执行 tick 方法
[12:23:05] [Server thread/INFO]: [STDOUT]: 执行 tick 方法
[12:23:05] [Server thread/INFO]: [STDOUT]: 执行 tick 方法
[12:23:05] [Server thread/INFO]: [STDOUT]: 执行 tick 方法
[12:23:05] [Server thread/INFO]: [STDOUT]: 执行 tick 方法
[12:23:05] [Server thread/INFO]: [STDOUT]: 执行 tick 方法
[12:23:05] [Server thread/INFO]: [STDOUT]: 执行 tick 方法
[12:23:05] [Server thread/INFO]: [STDOUT]: 执行 tick 方法
[12:23:05] [Server thread/INFO]: [STDOUT]: 执行 tick 方法
[12:23:05] [Server thread/INFO]: [STDOUT]: 执行 tick 方法
[12:23:05] [Server thread/INFO]: [STDOUT]: 执行 tick 方法
[12:23:05] [Server thread/INFO]: [STDOUT]: 执行 tick 方法
[12:23:05] [Server thread/INFO]: [STDOUT]: 执行 tick 方法
[12:23:05] [Server thread/INFO]: [STDOUT]: 执行 tick 方法
[12:23:05] [Server thread/INFO]: [STDOUT]: 执行 tick 方法
[12:23:05] [Server thread/INFO]: [STDOUT]: 执行 tick 方法
[12:23:05] [Server thread/INFO]: [STDOUT]: 执行 tick 方法
[12:23:05] [Server thread/INFO]: [STDOUT]: 执行 tick 方法
[12:23:05] [Server thread/INFO]: [STDOUT]: 执行 tick 方法
[12:23:05] [Server thread/INFO]: [STDOUT]: 执行 tick 方法
[12:23:05] [Server thread/INFO]: [STDOUT]: 执行 tick 方法
[12:23:05] [Server thread/INFO]: [STDOUT]: 执行 tick 方法
[12:23:05] [Server thread/INFO]: [STDOUT]: 执行 tick 方法
[12:23:05] [Server thread/INFO]: [STDOUT]: 执行 tick 方法
[12:23:05] [Server thread/INFO]: [STDOUT]: 执行 tick 方法
[12:23:05] [Server thread/INFO]: [STDOUT]: 执行 tick 方法
[12:23:05] [Server thread/INFO]: [STDOUT]: 执行 tick 方法
[12:23:05] [Server thread/INFO]: [STDOUT]: 执行 tick 方法
[12:23:05] [Server thread/INFO]: [STDOUT]: 执行 tick 方法
[12:23:05] [Server thread/INFO]: [STDOUT]: 执行 tick 方法
[12:23:05] [Server thread/INFO]: [STDOUT]: 执行 tick 方法
[12:23:05] [Server thread/INFO]: [STDOUT]: 执行 tick 方法
[12:23:05] [Server thread/INFO]: [STDOUT]: 执行 tick 方法
[12:23:05] [Server thread/INFO]: [STDOUT]: 执行 tick 方法
[12:23:06] [Server thread/INFO]: [STDOUT]: 执行 tick 方法
[12:23:06] [Server thread/INFO]: [STDOUT]: 执行 tick 方法
[12:23:06] [Server thread/INFO]: [STDOUT]: 执行 tick 方法
[12:23:06] [Server thread/INFO]: [STDOUT]: 执行 tick 方法
[12:23:06] [Server thread/INFO]: [STDOUT]: 执行 tick 方法
[12:23:06] [Server thread/INFO]: [STDOUT]: 执行 tick 方法
[12:23:06] [Server thread/INFO]: [STDOUT]: 执行 tick 方法
[12:23:06] [Server thread/INFO]: [STDOUT]: 执行 tick 方法
[12:23:06] [Server thread/INFO]: [STDOUT]: 执行 tick 方法
[12:23:06] [Server thread/INFO]: [STDOUT]: 执行 tick 方法
[12:23:06] [Server thread/INFO]: [STDOUT]: 执行 tick 方法
[12:23:06] [Server thread/INFO]: [STDOUT]: 执行 tick 方法
[12:23:06] [Server thread/INFO]: [STDOUT]: 执行 tick 方法
[12:23:06] [Server thread/INFO]: [STDOUT]: 执行 tick 方法
[12:23:06] [Server thread/INFO]: [STDOUT]: 执行 tick 方法
[12:23:06] [Server thread/INFO]: [STDOUT]: 执行 tick 方法
[12:23:06] [Server thread/INFO]: [STDOUT]: 执行 tick 方法
[12:23:06] [Server thread/INFO]: [STDOUT]: 执行 tick 方法
[12:23:06] [Server thread/INFO]: [STDOUT]: 执行 tick 方法
[12:23:06] [Server thread/INFO]: [STDOUT]: 执行 tick 方法
[12:23:06] [Server thread/INFO]: [STDOUT]: 执行 tick 方法
[12:23:06] [Server thread/INFO]: [STDOUT]: 执行 tick 方法
[12:23:06] [Server thread/INFO]: [STDOUT]: 执行 tick 方法
[12:23:06] [Server thread/INFO]: [STDOUT]: 执行 tick 方法
[12:23:06] [Server thread/INFO]: [STDOUT]: 执行 tick 方法
[12:23:06] [Server thread/INFO]: [STDOUT]: 执行 tick 方法
[12:23:06] [Server thread/INFO]: [STDOUT]: 执行 tick 方法
[12:23:06] [Server thread/INFO]: [STDOUT]: 执行 tick 方法
[12:23:06] [Server thread/INFO]: [STDOUT]: 执行 tick 方法
[12:23:06] [Server thread/INFO]: [STDOUT]: 执行 tick 方法
[12:23:06] [Server thread/INFO]: [STDOUT]: 执行 tick 方法
[12:23:06] [Server thread/INFO]: [STDOUT]: 执行 tick 方法
[12:23:06] [Server thread/INFO]: [STDOUT]: 执行 tick 方法
[12:23:06] [Server thread/INFO]: [STDOUT]: 执行 tick 方法
[12:23:06] [Server thread/INFO]: [STDOUT]: 执行 tick 方法
[12:23:06] [Server thread/INFO]: [STDOUT]: 执行 tick 方法
[12:23:06] [Server thread/INFO]: [STDOUT]: 执行 tick 方法
[12:23:06] [Server thread/INFO]: [STDOUT]: 执行 tick 方法
[12:23:06] [Server thread/INFO]: [STDOUT]: 执行 tick 方法
[12:23:06] [Server thread/INFO]: [STDOUT]: 执行 tick 方法
[12:23:06] [Server thread/INFO]: [STDOUT]: 执行 tick 方法
[12:23:06] [Server thread/INFO]: [STDOUT]: 执行 tick 方法
[12:23:06] [Server thread/INFO]: [STDOUT]: 执行 tick 方法
[12:23:06] [Server thread/INFO]: [STDOUT]: 执行 tick 方法
[12:23:06] [Server thread/INFO]: [STDOUT]: 执行 tick 方法
[12:23:06] [Server thread/INFO]: [STDOUT]: 执行 tick 方法
[12:23:06] [Server thread/INFO]: [STDOUT]: 执行 tick 方法
[12:23:06] [Server thread/INFO]: [STDOUT]: 执行 tick 方法
[12:23:06] [Server thread/INFO]: [STDOUT]: 执行 tick 方法
[12:23:06] [Server thread/INFO]: [STDOUT]: 执行 tick 方法
[12:23:06] [Server thread/INFO]: [STDOUT]: 执行 tick 方法
[12:23:06] [Server thread/INFO]: [STDOUT]: 执行 tick 方法
[12:23:07] [Server thread/INFO]: [STDOUT]: 执行 tick 方法
[12:23:07] [Server thread/INFO]: [STDOUT]: 执行 tick 方法
[12:23:07] [Server thread/INFO]: [STDOUT]: 执行 tick 方法
[12:23:07] [Server thread/INFO]: [STDOUT]: 执行 tick 方法
[12:23:07] [Server thread/INFO]: [STDOUT]: 执行 tick 方法
[12:23:07] [Server thread/INFO]: [STDOUT]: 执行 tick 方法
[12:23:07] [Server thread/INFO]: [STDOUT]: 执行 tick 方法
[12:23:07] [Server thread/INFO]: [STDOUT]: 执行 tick 方法
[12:23:07] [Server thread/INFO]: [STDOUT]: 执行 tick 方法
[12:23:07] [Server thread/INFO]: [STDOUT]: 执行 tick 方法
[12:23:07] [Server thread/INFO]: [STDOUT]: 执行 tick 方法
[12:23:07] [Server thread/INFO]: [STDOUT]: 执行 tick 方法
[12:23:07] [Server thread/INFO]: [STDOUT]: 执行 tick 方法
[12:23:07] [Server thread/INFO]: [STDOUT]: 执行 tick 方法
[12:23:07] [Server thread/INFO]: [STDOUT]: 执行 tick 方法
[12:23:07] [Server thread/INFO]: [STDOUT]: 执行 tick 方法
[12:23:07] [Server thread/INFO]: [STDOUT]: 执行 tick 方法
[12:23:07] [Server thread/INFO]: [STDOUT]: 执行 tick 方法
[12:23:07] [Server thread/INFO]: [STDOUT]: 执行 tick 方法
[12:23:07] [Server thread/INFO]: [STDOUT]: 执行 tick 方法
[12:23:07] [Server thread/INFO]: [STDOUT]: 执行 tick 方法
[12:23:07] [Server thread/INFO]: [STDOUT]: 执行 tick 方法
[12:23:07] [Server thread/INFO]: [STDOUT]: 执行 tick 方法
[12:23:07] [Server thread/INFO]: [STDOUT]: 执行 tick 方法
[12:23:07] [Server thread/INFO]: [STDOUT]: 执行 tick 方法
[12:23:07] [Server thread/INFO]: [STDOUT]: 执行 tick 方法
[12:23:07] [Server thread/INFO]: [STDOUT]: 执行 tick 方法
[12:23:07] [Server thread/INFO]: [STDOUT]: 执行 tick 方法
[12:23:07] [Server thread/INFO]: [STDOUT]: 执行 tick 方法
[12:23:07] [Server thread/INFO]: [STDOUT]: 执行 tick 方法
[12:23:07] [Server thread/INFO]: [STDOUT]: 执行 tick 方法
[12:23:07] [Server thread/INFO]: [STDOUT]: 执行 tick 方法
[12:23:07] [Server thread/INFO]: [STDOUT]: 执行 tick 方法
[12:23:07] [Server thread/INFO]: [STDOUT]: 执行 tick 方法
[12:23:07] [Server thread/INFO]: [STDOUT]: 执行 tick 方法
[12:23:07] [Server thread/INFO]: [STDOUT]: 执行 tick 方法
[12:23:07] [Server thread/INFO]: [STDOUT]: 执行 tick 方法
[12:23:07] [Server thread/INFO]: [STDOUT]: 执行 tick 方法
[12:23:07] [Server thread/INFO]: [STDOUT]: 执行 tick 方法
[12:23:07] [Server thread/INFO]: [STDOUT]: 执行 tick 方法
[12:23:07] [Server thread/INFO]: [STDOUT]: 执行 tick 方法
[12:23:07] [Server thread/INFO]: [STDOUT]: 执行 tick 方法
[12:23:07] [Server thread/INFO]: [STDOUT]: 执行 tick 方法
[12:23:07] [Server thread/INFO]: [STDOUT]: 执行 tick 方法
[12:23:07] [Server thread/INFO]: [STDOUT]: 执行 tick 方法
[12:23:07] [Server thread/INFO]: [STDOUT]: 执行 tick 方法
[12:23:07] [Server thread/INFO]: [STDOUT]: 执行 tick 方法
[12:23:07] [Server thread/INFO]: [STDOUT]: 执行 tick 方法
[12:23:07] [Server thread/INFO]: [STDOUT]: 执行 tick 方法
[12:23:07] [Server thread/INFO]: [STDOUT]: 执行 tick 方法
[12:23:07] [Server thread/INFO]: [STDOUT]: 执行 tick 方法
[12:23:07] [Server thread/INFO]: [STDOUT]: 执行 tick 方法
[12:23:07] [Server thread/INFO]: [STDOUT]: 执行 tick 方法
[12:23:07] [Server thread/INFO]: [STDOUT]: 执行 tick 方法
[12:23:07] [Server thread/INFO]: [STDOUT]: 执行 tick 方法
[12:23:07] [Server thread/INFO]: [STDOUT]: 执行 tick 方法
[12:23:08] [Server thread/INFO]: [STDOUT]: 执行 tick 方法
[12:23:08] [Server thread/INFO]: [STDOUT]: 执行 tick 方法
[12:23:08] [Server thread/INFO]: [STDOUT]: 执行 tick 方法
[12:23:08] [Server thread/INFO]: [STDOUT]: 执行 tick 方法
[12:23:08] [Server thread/INFO]: [STDOUT]: 执行 tick 方法
[12:23:08] [Server thread/INFO]: [STDOUT]: 执行 tick 方法
[12:23:08] [Server thread/INFO]: [STDOUT]: 执行 tick 方法
[12:23:08] [Server thread/INFO]: [STDOUT]: 执行 tick 方法
[12:23:08] [Server thread/INFO]: [STDOUT]: 执行 tick 方法
[12:23:08] [Server thread/INFO]: [STDOUT]: 执行 tick 方法
[12:23:08] [Server thread/INFO]: [STDOUT]: 执行 tick 方法
[12:23:08] [Server thread/INFO]: [STDOUT]: 执行 tick 方法
[12:23:08] [Server thread/INFO]: [STDOUT]: 执行 tick 方法
[12:23:08] [Server thread/INFO]: [STDOUT]: 执行 tick 方法
[12:23:08] [Server thread/INFO]: [STDOUT]: 执行 tick 方法
[12:23:08] [Server thread/INFO]: [STDOUT]: 执行 tick 方法
[12:23:08] [Server thread/INFO]: [STDOUT]: 执行 tick 方法
[12:23:08] [Server thread/INFO]: [STDOUT]: 执行 tick 方法
[12:23:08] [Server thread/INFO]: [STDOUT]: 执行 tick 方法
[12:23:08] [Server thread/INFO]: [STDOUT]: 执行 tick 方法
[12:23:08] [Server thread/INFO]: [STDOUT]: 执行 tick 方法
[12:23:08] [Server thread/INFO]: [STDOUT]: 执行 tick 方法
[12:23:08] [Server thread/INFO]: [STDOUT]: 执行 tick 方法
[12:23:08] [Server thread/INFO]: [STDOUT]: 执行 tick 方法
[12:23:08] [Server thread/INFO]: [STDOUT]: 执行 tick 方法
[12:23:08] [Server thread/INFO]: [STDOUT]: 执行 tick 方法
[12:23:08] [Server thread/INFO]: [STDOUT]: 执行 tick 方法
[12:23:08] [Server thread/INFO]: [STDOUT]: 执行 tick 方法
[12:23:08] [Server thread/INFO]: [STDOUT]: 执行 tick 方法
[12:23:08] [Server thread/INFO]: [STDOUT]: 执行 tick 方法
[12:23:08] [Server thread/INFO]: [STDOUT]: 执行 tick 方法
[12:23:08] [Server thread/INFO]: [STDOUT]: 执行 tick 方法
[12:23:08] [Server thread/INFO]: [STDOUT]: 执行 tick 方法
[12:23:08] [Server thread/INFO]: [STDOUT]: 执行 tick 方法
[12:23:08] [Server thread/INFO]: [STDOUT]: 执行 tick 方法
[12:23:08] [Server thread/INFO]: [STDOUT]: 执行 tick 方法
[12:23:08] [Server thread/INFO]: [STDOUT]: 执行 tick 方法
[12:23:08] [Server thread/INFO]: [STDOUT]: 执行 tick 方法
[12:23:08] [Server thread/INFO]: [STDOUT]: 执行 tick 方法
[12:23:08] [Server thread/INFO]: [STDOUT]: 执行 tick 方法
[12:23:09] [Server thread/INFO]: [STDOUT]: 执行 tick 方法
[12:23:09] [Server thread/INFO]: [STDOUT]: 执行 tick 方法
[12:23:09] [Server thread/INFO]: [STDOUT]: 执行 tick 方法
[12:23:09] [Server thread/INFO]: [STDOUT]: 执行 tick 方法
[12:23:09] [Server thread/INFO]: [STDOUT]: 执行 tick 方法
[12:23:09] [Server thread/INFO]: [STDOUT]: 执行 tick 方法
[12:23:09] [Server thread/INFO]: [STDOUT]: 执行 tick 方法
[12:23:09] [Server thread/INFO]: [STDOUT]: 执行 tick 方法
[12:23:09] [Server thread/INFO]: [STDOUT]: 执行 tick 方法
[12:23:09] [Server thread/INFO]: [STDOUT]: 执行 tick 方法
[12:23:09] [Server thread/INFO]: [STDOUT]: 执行 tick 方法
[12:23:09] [Server thread/INFO]: [STDOUT]: 执行 tick 方法
[12:23:09] [Server thread/INFO]: [STDOUT]: 执行 tick 方法
[12:23:09] [Server thread/INFO]: [STDOUT]: 执行 tick 方法
[12:23:09] [Server thread/INFO]: [STDOUT]: 执行 tick 方法
[12:23:09] [Server thread/INFO]: [STDOUT]: 执行 tick 方法
[12:23:09] [Server thread/INFO]: [STDOUT]: 执行 tick 方法
[12:23:09] [Server thread/INFO]: [STDOUT]: 执行 tick 方法
[12:23:09] [Server thread/INFO]: [STDOUT]: 执行 tick 方法
[12:23:09] [Server thread/INFO]: [STDOUT]: 执行 tick 方法
[12:23:09] [Server thread/INFO]: [STDOUT]: 执行 tick 方法
[12:23:09] [Server thread/INFO]: [STDOUT]: 执行 tick 方法
[12:23:09] [Server thread/INFO]: [STDOUT]: 执行 tick 方法
[12:23:09] [Server thread/INFO]: [STDOUT]: 执行 tick 方法
[12:23:09] [Server thread/INFO]: [STDOUT]: 执行 tick 方法
[12:23:09] [Server thread/INFO]: [STDOUT]: 执行 tick 方法
[12:23:09] [Server thread/INFO]: [STDOUT]: 执行 tick 方法
[12:23:09] [Server thread/INFO]: [STDOUT]: 执行 tick 方法
[12:23:10] [Server thread/INFO]: [STDOUT]: 执行 tick 方法
[12:23:10] [Server thread/INFO]: [STDOUT]: 执行 tick 方法
[12:23:10] [Server thread/INFO]: [STDOUT]: 执行 tick 方法
[12:23:10] [Server thread/INFO]: [STDOUT]: 执行 tick 方法
[12:23:10] [Server thread/INFO]: [STDOUT]: 执行 tick 方法
[12:23:10] [Server thread/INFO]: [STDOUT]: 执行 tick 方法
[12:23:10] [Server thread/INFO]: [STDOUT]: 执行 tick 方法
[12:23:10] [Server thread/INFO]: [STDOUT]: 执行 tick 方法
[12:23:10] [Server thread/INFO]: [STDOUT]: 执行 tick 方法
[12:23:10] [Server thread/INFO]: [STDOUT]: 执行 tick 方法
[12:23:11] [Server thread/INFO]: [STDOUT]: 执行 tick 方法
[12:23:11] [Server thread/INFO]: [STDOUT]: 执行 tick 方法
[12:23:11] [Server thread/INFO]: [STDOUT]: 执行 tick 方法
[12:23:11] [Server thread/INFO]: [STDOUT]: 执行 tick 方法
[12:23:11] [Server thread/INFO]: [STDOUT]: 执行 tick 方法
[12:23:11] [Server thread/INFO]: [STDOUT]: 执行 tick 方法
[12:23:11] [Server thread/INFO]: [STDOUT]: 执行 tick 方法
[12:23:11] [Server thread/INFO]: [STDOUT]: 执行 tick 方法
[12:23:11] [Server thread/INFO]: [STDOUT]: 执行 tick 方法
[12:23:11] [Server thread/INFO]: [STDOUT]: 执行 tick 方法
[12:23:12] [Server thread/INFO]: [STDOUT]: 执行 tick 方法
[12:23:12] [Server thread/INFO]: [STDOUT]: 执行 tick 方法
[12:23:12] [Server thread/INFO]: [STDOUT]: 执行 tick 方法
[12:23:12] [Server thread/INFO]: [STDOUT]: 执行 tick 方法
[12:23:12] [Server thread/INFO]: [STDOUT]: 执行 tick 方法
[12:23:16] [Server thread/INFO]: [STDOUT]: 执行 tick 方法
[12:23:17] [Server thread/INFO]: [STDOUT]: 执行 tick 方法
[12:23:17] [Server thread/INFO]: [STDOUT]: 执行 tick 方法
[12:23:17] [Server thread/INFO]: [STDOUT]: 执行 tick 方法
[12:23:17] [Server thread/INFO]: [STDOUT]: 执行 tick 方法
[12:23:17] [Server thread/INFO]: [STDOUT]: 执行 tick 方法
[12:23:17] [Server thread/INFO]: [STDOUT]: 执行 tick 方法
[12:23:18] [Server thread/INFO]: [STDOUT]: 执行 tick 方法
[12:23:18] [Server thread/INFO]: [STDOUT]: 执行 tick 方法
[12:23:18] [Server thread/INFO]: [STDOUT]: 执行 tick 方法
[12:23:18] [Server thread/INFO]: [STDOUT]: 执行 tick 方法
[12:23:18] [Server thread/INFO]: [STDOUT]: 执行 tick 方法
[12:23:18] [Server thread/INFO]: [STDOUT]: 执行 tick 方法
[12:23:18] [Server thread/INFO]: [STDOUT]: 执行 tick 方法
[12:23:18] [Server thread/INFO]: [STDOUT]: 执行 tick 方法
[12:23:18] [Server thread/INFO]: [STDOUT]: 执行 tick 方法
[12:23:18] [Server thread/INFO]: [STDOUT]: 执行 tick 方法
[12:23:18] [Server thread/INFO]: [STDOUT]: 执行 tick 方法
[12:23:18] [Server thread/INFO]: [STDOUT]: 执行 tick 方法
[12:23:18] [Server thread/INFO]: [STDOUT]: 执行 tick 方法
[12:23:18] [Server thread/INFO]: [STDOUT]: 执行 tick 方法
[12:23:18] [Server thread/INFO]: [STDOUT]: 执行 tick 方法
[12:23:18] [Server thread/INFO]: [STDOUT]: 执行 tick 方法
[12:23:18] [Server thread/INFO]: [STDOUT]: 执行 tick 方法
[12:23:18] [Server thread/INFO]: [STDOUT]: 执行 tick 方法
[12:23:18] [Server thread/INFO]: [STDOUT]: 执行 tick 方法
[12:23:18] [Server thread/INFO]: [STDOUT]: 执行 tick 方法
[12:23:18] [Server thread/INFO]: [STDOUT]: 执行 tick 方法
[12:23:19] [Server thread/INFO]: [STDOUT]: 执行 tick 方法
[12:23:19] [Server thread/INFO]: [STDOUT]: 执行 tick 方法
[12:23:19] [Server thread/INFO]: [STDOUT]: 执行 tick 方法
[12:23:19] [Server thread/INFO]: [STDOUT]: 执行 tick 方法
[12:23:19] [Server thread/INFO]: [STDOUT]: 执行 tick 方法
[12:23:19] [Server thread/INFO]: [STDOUT]: 执行 tick 方法
[12:23:19] [Server thread/INFO]: [STDOUT]: 执行 tick 方法
[12:23:19] [Server thread/INFO]: [STDOUT]: 执行 tick 方法
[12:23:19] [Server thread/INFO]: [STDOUT]: 执行 tick 方法
[12:23:19] [Server thread/INFO]: [STDOUT]: 执行 tick 方法
[12:23:19] [Server thread/INFO]: [STDOUT]: 执行 tick 方法
[12:23:19] [Server thread/INFO]: [STDOUT]: 执行 tick 方法
[12:23:19] [Server thread/INFO]: [STDOUT]: 执行 tick 方法
[12:23:19] [Server thread/INFO]: [STDOUT]: 执行 tick 方法
[12:23:19] [Server thread/INFO]: [STDOUT]: 执行 tick 方法
[12:23:19] [Server thread/INFO]: [STDOUT]: 执行 tick 方法
[12:23:19] [Server thread/INFO]: [STDOUT]: 执行 tick 方法
[12:23:19] [Server thread/INFO]: [STDOUT]: 执行 tick 方法
[12:23:19] [Server thread/INFO]: [STDOUT]: 执行 tick 方法
[12:23:19] [Server thread/INFO]: [STDOUT]: 执行 tick 方法
[12:23:19] [Server thread/INFO]: [STDOUT]: 执行 tick 方法
[12:23:19] [Server thread/INFO]: [STDOUT]: 执行 tick 方法
[12:23:20] [Server thread/INFO]: [STDOUT]: 执行 tick 方法
[12:23:20] [Server thread/INFO]: [STDOUT]: 执行 tick 方法
[12:23:20] [Server thread/INFO]: [STDOUT]: 执行 tick 方法
[12:23:20] [Server thread/INFO]: [STDOUT]: 执行 tick 方法
[12:23:20] [Server thread/INFO]: [STDOUT]: 执行 tick 方法
[12:23:20] [Server thread/INFO]: [STDOUT]: 执行 tick 方法
[12:23:20] [Server thread/INFO]: [STDOUT]: 执行 tick 方法
[12:23:20] [Server thread/INFO]: [STDOUT]: 执行 tick 方法
[12:23:20] [Server thread/INFO]: [STDOUT]: 执行 tick 方法
[12:23:20] [Server thread/INFO]: [STDOUT]: 执行 tick 方法
[12:23:20] [Server thread/INFO]: [STDOUT]: 执行 tick 方法
[12:23:20] [Server thread/INFO]: [STDOUT]: 执行 tick 方法
[12:23:20] [Server thread/INFO]: [STDOUT]: 执行 tick 方法
[12:23:20] [Server thread/INFO]: [STDOUT]: 执行 tick 方法
[12:23:20] [Server thread/INFO]: [STDOUT]: 执行 tick 方法
[12:23:20] [Server thread/INFO]: [STDOUT]: 执行 tick 方法
[12:23:20] [Server thread/INFO]: [STDOUT]: 执行 tick 方法
[12:23:20] [Server thread/INFO]: [STDOUT]: 执行 tick 方法
[12:23:20] [Server thread/INFO]: [STDOUT]: 执行 tick 方法
[12:23:20] [Server thread/INFO]: [STDOUT]: 执行 tick 方法
[12:23:20] [Server thread/INFO]: [STDOUT]: 执行 tick 方法
[12:23:20] [Server thread/INFO]: [STDOUT]: 执行 tick 方法
[12:23:20] [Server thread/INFO]: [STDOUT]: 执行 tick 方法
[12:23:20] [Server thread/INFO]: [STDOUT]: 执行 tick 方法
[12:23:20] [Server thread/INFO]: [STDOUT]: 执行 tick 方法
[12:23:20] [Server thread/INFO]: [STDOUT]: 执行 tick 方法
[12:23:20] [Server thread/INFO]: [STDOUT]: 执行 tick 方法
[12:23:20] [Server thread/INFO]: [STDOUT]: 执行 tick 方法
[12:23:20] [Server thread/INFO]: [STDOUT]: 执行 tick 方法
[12:23:20] [Server thread/INFO]: [STDOUT]: 执行 tick 方法
[12:23:21] [Server thread/INFO]: [STDOUT]: 执行 tick 方法
[12:23:21] [Server thread/INFO]: [STDOUT]: 执行 tick 方法
[12:23:21] [Server thread/INFO]: [STDOUT]: 执行 tick 方法
[12:23:21] [Server thread/INFO]: [STDOUT]: 执行 tick 方法
[12:23:21] [Server thread/INFO]: [STDOUT]: 执行 tick 方法
[12:23:21] [Server thread/INFO]: [STDOUT]: 执行 tick 方法
[12:23:21] [Server thread/INFO]: [STDOUT]: 执行 tick 方法
[12:23:21] [Server thread/INFO]: [STDOUT]: 执行 tick 方法
[12:23:21] [Server thread/INFO]: [STDOUT]: 执行 tick 方法
[12:23:21] [Server thread/INFO]: [STDOUT]: 执行 tick 方法
[12:23:21] [Server thread/INFO]: [STDOUT]: 执行 tick 方法
[12:23:21] [Server thread/INFO]: [STDOUT]: 执行 tick 方法
[12:23:21] [Server thread/INFO]: [STDOUT]: 执行 tick 方法
[12:23:21] [Server thread/INFO]: [STDOUT]: 执行 tick 方法
[12:23:21] [Server thread/INFO]: [STDOUT]: 执行 tick 方法
[12:23:21] [Server thread/INFO]: [STDOUT]: 执行 tick 方法
[12:23:21] [Server thread/INFO]: [STDOUT]: 执行 tick 方法
[12:23:21] [Server thread/INFO]: [STDOUT]: 执行 tick 方法
[12:23:21] [Server thread/INFO]: [STDOUT]: 执行 tick 方法
[12:23:22] [Server thread/INFO]: [STDOUT]: 执行 tick 方法
[12:23:22] [Server thread/INFO]: [STDOUT]: 执行 tick 方法
[12:23:22] [Server thread/INFO]: [STDOUT]: 执行 tick 方法
[12:23:22] [Server thread/INFO]: [STDOUT]: 执行 tick 方法
[12:23:22] [Server thread/INFO]: [STDOUT]: 执行 tick 方法
[12:23:22] [Server thread/INFO]: [STDOUT]: 执行 tick 方法
[12:23:22] [Server thread/INFO]: [STDOUT]: 执行 tick 方法
[12:23:22] [Server thread/INFO]: [STDOUT]: 执行 tick 方法
[12:23:22] [Server thread/INFO]: [STDOUT]: 执行 tick 方法
[12:23:22] [Server thread/INFO]: [STDOUT]: 执行 tick 方法
[12:23:22] [Server thread/INFO]: [STDOUT]: 执行 tick 方法
[12:23:22] [Server thread/INFO]: [STDOUT]: 执行 tick 方法
[12:23:23] [Server thread/INFO]: [STDOUT]: 执行 tick 方法
[12:23:23] [Server thread/INFO]: [STDOUT]: 执行 tick 方法
[12:23:23] [Server thread/INFO]: [STDOUT]: 执行 tick 方法
[12:23:23] [Server thread/INFO]: [STDOUT]: 执行 tick 方法
[12:23:23] [Server thread/INFO]: [STDOUT]: 执行 tick 方法
[12:23:23] [Server thread/INFO]: [STDOUT]: 执行 tick 方法
[12:23:23] [Server thread/INFO]: [STDOUT]: 执行 tick 方法
[12:23:23] [Server thread/INFO]: [STDOUT]: 执行 tick 方法
[12:23:23] [Server thread/INFO]: [STDOUT]: 执行 tick 方法
[12:23:23] [Server thread/INFO]: [STDOUT]: 执行 tick 方法
[12:23:23] [Server thread/INFO]: [STDOUT]: 执行 tick 方法
[12:23:24] [Server thread/INFO]: [STDOUT]: 执行 tick 方法
[12:23:24] [Server thread/INFO]: [STDOUT]: 执行 tick 方法
[12:23:24] [Server thread/INFO]: [STDOUT]: 执行 tick 方法
[12:23:24] [Server thread/INFO]: [STDOUT]: 执行 tick 方法
[12:23:24] [Server thread/INFO]: [STDOUT]: 执行 tick 方法
[12:23:24] [Server thread/INFO]: [STDOUT]: 执行 tick 方法
[12:23:24] [Server thread/INFO]: [STDOUT]: 执行 tick 方法
[12:23:24] [Server thread/INFO]: [STDOUT]: 执行 tick 方法
[12:23:24] [Server thread/INFO]: [STDOUT]: 执行 tick 方法
[12:23:24] [Server thread/INFO]: [STDOUT]: 执行 tick 方法
[12:23:24] [Server thread/INFO]: [STDOUT]: 执行 tick 方法
[12:23:25] [Server thread/INFO]: [STDOUT]: 执行 tick 方法
[12:23:25] [Server thread/INFO]: [STDOUT]: 执行 tick 方法
[12:23:25] [Server thread/INFO]: [STDOUT]: 执行 tick 方法
[12:23:25] [Server thread/INFO]: [STDOUT]: 执行 tick 方法
[12:23:25] [Server thread/INFO]: [STDOUT]: 执行 tick 方法
[12:23:25] [Server thread/INFO]: [STDOUT]: 执行 tick 方法
[12:23:25] [Server thread/INFO]: [STDOUT]: 执行 tick 方法
[12:23:25] [Server thread/INFO]: [STDOUT]: 执行 tick 方法
[12:23:25] [Server thread/INFO]: [STDOUT]: 执行 tick 方法
[12:23:25] [Server thread/INFO]: [STDOUT]: 执行 tick 方法
[12:23:26] [Server thread/INFO]: [STDOUT]: 执行 tick 方法
[12:23:26] [Server thread/INFO]: [STDOUT]: 执行 tick 方法
[12:23:26] [Server thread/INFO]: [STDOUT]: 执行 tick 方法
[12:23:26] [Server thread/INFO]: [STDOUT]: 执行 tick 方法
[12:23:26] [Server thread/INFO]: [STDOUT]: 执行 tick 方法
[12:23:26] [Server thread/INFO]: [STDOUT]: 执行 tick 方法
[12:23:26] [Server thread/INFO]: [STDOUT]: 执行 tick 方法
[12:23:26] [Server thread/INFO]: [STDOUT]: 执行 tick 方法
[12:23:26] [Server thread/INFO]: [STDOUT]: 执行 tick 方法
[12:23:26] [Server thread/INFO]: [STDOUT]: 执行 tick 方法
[12:23:26] [Server thread/INFO]: [STDOUT]: 执行 tick 方法
[12:23:26] [Server thread/INFO]: [STDOUT]: 执行 tick 方法
[12:23:27] [Server thread/INFO]: [STDOUT]: 执行 tick 方法
[12:23:27] [Server thread/INFO]: [STDOUT]: 执行 tick 方法
[12:23:27] [Server thread/INFO]: [STDOUT]: 执行 tick 方法
[12:23:27] [Server thread/INFO]: [STDOUT]: 执行 tick 方法
[12:23:27] [Server thread/INFO]: [STDOUT]: 执行 tick 方法
[12:23:27] [Server thread/INFO]: [STDOUT]: 执行 tick 方法
[12:23:27] [Server thread/INFO]: [STDOUT]: 执行 tick 方法
[12:23:27] [Server thread/INFO]: [STDOUT]: 执行 tick 方法
[12:23:27] [Server thread/INFO]: [STDOUT]: 执行 tick 方法
[12:23:27] [Server thread/INFO]: [STDOUT]: 执行 tick 方法
[12:23:27] [Server thread/INFO]: [STDOUT]: 执行 tick 方法
[12:23:27] [Server thread/INFO]: [STDOUT]: 执行 tick 方法
[12:23:28] [Server thread/INFO]: [STDOUT]: 执行 tick 方法
[12:23:28] [Server thread/INFO]: [STDOUT]: 执行 tick 方法
[12:23:28] [Server thread/INFO]: [STDOUT]: 执行 tick 方法
[12:23:28] [Server thread/INFO]: [STDOUT]: 执行 tick 方法
[12:23:28] [Server thread/INFO]: [STDOUT]: 执行 tick 方法
[12:23:28] [Server thread/INFO]: [STDOUT]: 执行 tick 方法
[12:23:28] [Server thread/INFO]: [STDOUT]: 执行 tick 方法
[12:23:28] [Server thread/INFO]: [STDOUT]: 执行 tick 方法
[12:23:28] [Server thread/INFO]: [STDOUT]: 执行 tick 方法
[12:23:28] [Server thread/INFO]: [STDOUT]: 执行 tick 方法
[12:23:28] [Server thread/INFO]: [STDOUT]: 执行 tick 方法
[12:23:28] [Server thread/INFO]: [STDOUT]: 执行 tick 方法
[12:23:28] [Server thread/INFO]: [STDOUT]: 执行 tick 方法
[12:23:28] [Server thread/INFO]: [STDOUT]: 执行 tick 方法
[12:23:28] [Server thread/INFO]: [STDOUT]: 执行 tick 方法
[12:23:29] [Server thread/INFO]: [STDOUT]: 执行 tick 方法
[12:23:29] [Server thread/INFO]: [STDOUT]: 执行 tick 方法
[12:23:29] [Server thread/INFO]: [STDOUT]: 执行 tick 方法
[12:23:29] [Server thread/INFO]: [STDOUT]: 执行 tick 方法
[12:23:29] [Server thread/INFO]: [STDOUT]: 执行 tick 方法
[12:23:29] [Server thread/INFO]: [STDOUT]: 执行 tick 方法
[12:23:29] [Server thread/INFO]: [STDOUT]: 执行 tick 方法
[12:23:29] [Server thread/INFO]: [STDOUT]: 执行 tick 方法
[12:23:29] [Server thread/INFO]: [STDOUT]: 执行 tick 方法
[12:23:29] [Server thread/INFO]: [STDOUT]: 执行 tick 方法
[12:23:29] [Server thread/INFO]: [STDOUT]: 执行 tick 方法
[12:23:29] [Server thread/INFO]: [STDOUT]: 执行 tick 方法
[12:23:29] [Server thread/INFO]: [STDOUT]: 执行 tick 方法
[12:23:29] [Server thread/INFO]: [STDOUT]: 执行 tick 方法
[12:23:29] [Server thread/INFO]: [STDOUT]: 执行 tick 方法
[12:23:29] [Server thread/INFO]: [STDOUT]: 执行 tick 方法
[12:23:29] [Server thread/INFO]: [STDOUT]: 执行 tick 方法
[12:23:29] [Server thread/INFO]: [STDOUT]: 执行 tick 方法
[12:23:29] [Server thread/INFO]: [STDOUT]: 执行 tick 方法
[12:23:29] [Server thread/INFO]: [STDOUT]: 执行 tick 方法
[12:23:29] [Server thread/INFO]: [STDOUT]: 执行 tick 方法
[12:23:29] [Server thread/INFO]: [STDOUT]: 执行 tick 方法
[12:23:29] [Server thread/INFO]: [STDOUT]: 执行 tick 方法
[12:23:29] [Server thread/INFO]: [STDOUT]: 执行 tick 方法
[12:23:29] [Server thread/INFO]: [STDOUT]: 执行 tick 方法
[12:23:29] [Server thread/INFO]: [STDOUT]: 执行 tick 方法
[12:23:29] [Server thread/INFO]: [STDOUT]: 执行 tick 方法
[12:23:29] [Server thread/INFO]: [STDOUT]: 执行 tick 方法
[12:23:29] [Server thread/INFO]: [STDOUT]: 执行 tick 方法
[12:23:29] [Server thread/INFO]: [STDOUT]: 执行 tick 方法
[12:23:30] [Server thread/INFO]: [STDOUT]: 执行 tick 方法
[12:23:30] [Server thread/INFO]: [STDOUT]: 执行 tick 方法
[12:23:30] [Server thread/INFO]: [STDOUT]: 执行 tick 方法
[12:23:30] [Server thread/INFO]: [STDOUT]: 执行 tick 方法
[12:23:30] [Server thread/INFO]: [STDOUT]: 执行 tick 方法
[12:23:30] [Server thread/INFO]: [STDOUT]: 执行 tick 方法
[12:23:30] [Server thread/INFO]: [STDOUT]: 执行 tick 方法
[12:23:30] [Server thread/INFO]: [STDOUT]: 执行 tick 方法
[12:23:30] [Server thread/INFO]: [STDOUT]: 执行 tick 方法
[12:23:30] [Server thread/INFO]: [STDOUT]: 执行 tick 方法
[12:23:30] [Server thread/INFO]: [STDOUT]: 执行 tick 方法
[12:23:30] [Server thread/INFO]: [STDOUT]: 执行 tick 方法
[12:23:30] [Server thread/INFO]: [STDOUT]: 执行 tick 方法
[12:23:30] [Server thread/INFO]: [STDOUT]: 执行 tick 方法
[12:23:30] [Server thread/INFO]: [STDOUT]: 执行 tick 方法
[12:23:30] [Server thread/INFO]: [STDOUT]: 执行 tick 方法
[12:23:30] [Server thread/INFO]: [STDOUT]: 执行 tick 方法
[12:23:30] [Server thread/INFO]: [STDOUT]: 执行 tick 方法
[12:23:30] [Server thread/INFO]: [STDOUT]: 执行 tick 方法
[12:23:30] [Server thread/INFO]: [STDOUT]: 执行 tick 方法
[12:23:30] [Server thread/INFO]: [STDOUT]: 执行 tick 方法
[12:23:30] [Server thread/INFO]: [STDOUT]: 执行 tick 方法
[12:23:30] [Server thread/INFO]: [STDOUT]: 执行 tick 方法
[12:23:30] [Server thread/INFO]: [STDOUT]: 执行 tick 方法
[12:23:30] [Server thread/INFO]: [STDOUT]: 执行 tick 方法
[12:23:30] [Server thread/INFO]: [STDOUT]: 执行 tick 方法
[12:23:30] [Server thread/INFO]: [STDOUT]: 执行 tick 方法
[12:23:30] [Server thread/INFO]: [STDOUT]: 执行 tick 方法
[12:23:30] [Server thread/INFO]: [STDOUT]: 执行 tick 方法
[12:23:30] [Server thread/INFO]: [STDOUT]: 执行 tick 方法
[12:23:31] [Server thread/INFO]: [STDOUT]: 执行 tick 方法
[12:23:31] [Server thread/INFO]: [STDOUT]: 执行 tick 方法
[12:23:31] [Server thread/INFO]: [STDOUT]: 执行 tick 方法
[12:23:31] [Server thread/INFO]: [STDOUT]: 执行 tick 方法
[12:23:31] [Server thread/INFO]: [STDOUT]: 执行 tick 方法
[12:23:31] [Server thread/INFO]: [STDOUT]: 执行 tick 方法
[12:23:31] [Server thread/INFO]: [STDOUT]: 执行 tick 方法
[12:23:31] [Server thread/INFO]: [STDOUT]: 执行 tick 方法
[12:23:31] [Server thread/INFO]: [STDOUT]: 执行 tick 方法
[12:23:31] [Server thread/INFO]: [STDOUT]: 执行 tick 方法
[12:23:31] [Server thread/INFO]: [STDOUT]: 执行 tick 方法
[12:23:31] [Server thread/INFO]: [STDOUT]: 执行 tick 方法
[12:23:31] [Server thread/INFO]: [STDOUT]: 执行 tick 方法
[12:23:31] [Server thread/INFO]: [STDOUT]: 执行 tick 方法
[12:23:31] [Server thread/INFO]: [STDOUT]: 执行 tick 方法
[12:23:31] [Server thread/INFO]: [STDOUT]: 执行 tick 方法
[12:23:31] [Server thread/INFO]: [STDOUT]: 执行 tick 方法
[12:23:31] [Server thread/INFO]: [STDOUT]: 执行 tick 方法
[12:23:31] [Server thread/INFO]: [STDOUT]: 执行 tick 方法
[12:23:31] [Server thread/INFO]: [STDOUT]: 执行 tick 方法
[12:23:31] [Server thread/INFO]: [STDOUT]: 执行 tick 方法
[12:23:31] [Server thread/INFO]: [STDOUT]: 执行 tick 方法
[12:23:31] [Server thread/INFO]: [STDOUT]: 执行 tick 方法
[12:23:31] [Server thread/INFO]: [STDOUT]: 执行 tick 方法
[12:23:32] [Server thread/INFO]: [STDOUT]: 执行 tick 方法
[12:23:32] [Server thread/INFO]: [STDOUT]: 执行 tick 方法
[12:23:32] [Server thread/INFO]: [STDOUT]: 执行 tick 方法
[12:23:32] [Server thread/INFO]: [STDOUT]: 执行 tick 方法
[12:23:32] [Server thread/INFO]: [STDOUT]: 执行 tick 方法
[12:23:32] [Server thread/INFO]: [STDOUT]: 执行 tick 方法
[12:23:32] [Server thread/INFO]: [STDOUT]: 执行 tick 方法
[12:23:32] [Server thread/INFO]: [STDOUT]: 执行 tick 方法
[12:23:32] [Server thread/INFO]: [STDOUT]: 执行 tick 方法
[12:23:32] [Server thread/INFO]: [STDOUT]: 执行 tick 方法
[12:23:32] [Server thread/INFO]: [STDOUT]: 执行 tick 方法
[12:23:32] [Server thread/INFO]: [STDOUT]: 执行 tick 方法
[12:23:32] [Server thread/INFO]: [STDOUT]: 执行 tick 方法
[12:23:32] [Server thread/INFO]: [STDOUT]: 执行 tick 方法
[12:23:32] [Server thread/INFO]: [STDOUT]: 执行 tick 方法
[12:23:32] [Server thread/INFO]: [STDOUT]: 执行 tick 方法
[12:23:32] [Server thread/INFO]: [STDOUT]: 执行 tick 方法
[12:23:33] [Server thread/INFO]: [STDOUT]: 执行 tick 方法
[12:23:33] [Server thread/INFO]: [STDOUT]: 执行 tick 方法
[12:23:33] [Server thread/INFO]: [STDOUT]: 执行 tick 方法
[12:23:34] [Server thread/INFO]: [STDOUT]: 执行 tick 方法
[12:23:34] [Server thread/INFO]: [STDOUT]: 执行 tick 方法
[12:23:34] [Server thread/INFO]: [STDOUT]: 执行 tick 方法
[12:23:34] [Server thread/INFO]: [STDOUT]: 执行 tick 方法
[12:23:34] [Server thread/INFO]: [STDOUT]: 执行 tick 方法
[12:23:34] [Server thread/INFO]: [STDOUT]: 执行 tick 方法
[12:23:34] [Server thread/INFO]: [STDOUT]: 执行 tick 方法
[12:23:34] [Server thread/INFO]: [STDOUT]: 执行 tick 方法
[12:23:34] [Server thread/INFO]: [STDOUT]: 执行 tick 方法
[12:23:34] [Server thread/INFO]: [STDOUT]: 执行 tick 方法
[12:23:34] [Server thread/INFO]: [STDOUT]: 执行 tick 方法
[12:23:34] [Server thread/INFO]: [STDOUT]: 执行 tick 方法
[12:23:34] [Server thread/INFO]: [STDOUT]: 执行 tick 方法
[12:23:34] [Server thread/INFO]: [STDOUT]: 执行 tick 方法
[12:23:34] [Server thread/INFO]: [STDOUT]: 执行 tick 方法
[12:23:34] [Server thread/INFO]: [STDOUT]: 执行 tick 方法
[12:23:34] [Server thread/INFO]: [STDOUT]: 执行 tick 方法
[12:23:34] [Server thread/INFO]: [STDOUT]: 执行 tick 方法
[12:23:35] [Server thread/INFO]: [STDOUT]: 执行 tick 方法
[12:23:35] [Server thread/INFO]: [STDOUT]: 执行 tick 方法
[12:23:35] [Server thread/INFO]: [STDOUT]: 执行 tick 方法
[12:23:35] [Server thread/INFO]: [STDOUT]: 执行 tick 方法
[12:23:35] [Server thread/INFO]: [STDOUT]: 执行 tick 方法
[12:23:35] [Server thread/INFO]: [STDOUT]: 执行 tick 方法
[12:23:35] [Server thread/INFO]: [STDOUT]: 执行 tick 方法
[12:23:35] [Server thread/INFO]: [STDOUT]: 执行 tick 方法
[12:23:35] [Server thread/INFO]: [STDOUT]: 执行 tick 方法
[12:23:35] [Server thread/INFO]: [STDOUT]: 执行 tick 方法
[12:23:35] [Server thread/INFO]: [STDOUT]: 执行 tick 方法
[12:23:35] [Server thread/INFO]: [STDOUT]: 执行 tick 方法
[12:23:35] [Server thread/INFO]: [STDOUT]: 执行 tick 方法
[12:23:35] [Server thread/INFO]: [STDOUT]: 执行 tick 方法
[12:23:35] [Server thread/INFO]: [STDOUT]: 执行 tick 方法
[12:23:35] [Server thread/INFO]: [STDOUT]: 执行 tick 方法
[12:23:35] [Server thread/INFO]: [STDOUT]: 执行 tick 方法
[12:23:35] [Server thread/INFO]: [STDOUT]: 执行 tick 方法
[12:23:35] [Server thread/INFO]: [STDOUT]: 执行 tick 方法
[12:23:35] [Server thread/INFO]: [STDOUT]: 执行 tick 方法
[12:23:35] [Server thread/INFO]: [STDOUT]: 执行 tick 方法
[12:23:35] [Server thread/INFO]: [STDOUT]: 执行 tick 方法
[12:23:35] [Server thread/INFO]: [STDOUT]: 执行 tick 方法
[12:23:35] [Server thread/INFO]: [STDOUT]: 执行 tick 方法
[12:23:35] [Server thread/INFO]: [STDOUT]: 执行 tick 方法
[12:23:35] [Server thread/INFO]: [STDOUT]: 执行 tick 方法
[12:23:35] [Server thread/INFO]: [STDOUT]: 执行 tick 方法
[12:23:35] [Server thread/INFO]: [STDOUT]: 执行 tick 方法
[12:23:35] [Server thread/INFO]: [STDOUT]: 执行 tick 方法
[12:23:35] [Server thread/INFO]: [STDOUT]: 执行 tick 方法
[12:23:35] [Server thread/INFO]: [STDOUT]: 执行 tick 方法
[12:23:35] [Server thread/INFO]: [STDOUT]: 执行 tick 方法
[12:23:35] [Server thread/INFO]: [STDOUT]: 执行 tick 方法
[12:23:35] [Server thread/INFO]: [STDOUT]: 执行 tick 方法
[12:23:35] [Server thread/INFO]: [STDOUT]: 执行 tick 方法
[12:23:35] [Server thread/INFO]: [STDOUT]: 执行 tick 方法
[12:23:35] [Server thread/INFO]: [STDOUT]: 执行 tick 方法
[12:23:35] [Server thread/INFO]: [STDOUT]: 执行 tick 方法
[12:23:35] [Server thread/INFO]: [STDOUT]: 执行 tick 方法
[12:23:35] [Server thread/INFO]: [STDOUT]: 执行 tick 方法
[12:23:35] [Server thread/INFO]: [STDOUT]: 执行 tick 方法
[12:23:35] [Server thread/INFO]: [STDOUT]: 执行 tick 方法
[12:23:35] [Server thread/INFO]: [STDOUT]: 执行 tick 方法
[12:23:35] [Server thread/INFO]: [STDOUT]: 执行 tick 方法
[12:23:35] [Server thread/INFO]: [STDOUT]: 执行 tick 方法
[12:23:35] [Server thread/INFO]: [STDOUT]: 执行 tick 方法
[12:23:35] [Server thread/INFO]: [STDOUT]: 执行 tick 方法
[12:23:35] [Server thread/INFO]: [STDOUT]: 执行 tick 方法
[12:23:35] [Server thread/INFO]: [STDOUT]: 执行 tick 方法
[12:23:35] [Server thread/INFO]: [STDOUT]: 执行 tick 方法
[12:23:36] [Server thread/INFO]: [STDOUT]: 执行 tick 方法
[12:23:36] [Server thread/INFO]: [STDOUT]: 执行 tick 方法
[12:23:36] [Server thread/INFO]: [STDOUT]: 执行 tick 方法
[12:23:36] [Server thread/INFO]: [STDOUT]: 执行 tick 方法
[12:23:36] [Server thread/INFO]: [STDOUT]: 执行 tick 方法
[12:23:36] [Server thread/INFO]: [STDOUT]: 执行 tick 方法
[12:23:36] [Server thread/INFO]: [STDOUT]: 执行 tick 方法
[12:23:36] [Server thread/INFO]: [STDOUT]: 执行 tick 方法
[12:23:36] [Server thread/INFO]: [STDOUT]: 执行 tick 方法
[12:23:36] [Server thread/INFO]: [STDOUT]: 执行 tick 方法
[12:23:36] [Server thread/INFO]: [STDOUT]: 执行 tick 方法
[12:23:36] [Server thread/INFO]: [STDOUT]: 执行 tick 方法
[12:23:36] [Server thread/INFO]: [STDOUT]: 执行 tick 方法
[12:23:36] [Server thread/INFO]: [STDOUT]: 执行 tick 方法
[12:23:36] [Server thread/INFO]: [STDOUT]: 执行 tick 方法
[12:23:36] [Server thread/INFO]: [STDOUT]: 执行 tick 方法
[12:23:36] [Server thread/INFO]: [STDOUT]: 执行 tick 方法
[12:23:36] [Server thread/INFO]: [STDOUT]: 执行 tick 方法
[12:23:36] [Server thread/INFO]: [STDOUT]: 执行 tick 方法
[12:23:36] [Server thread/INFO]: [STDOUT]: 执行 tick 方法
[12:23:36] [Server thread/INFO]: [STDOUT]: 执行 tick 方法
[12:23:36] [Server thread/INFO]: [STDOUT]: 执行 tick 方法
[12:23:36] [Server thread/INFO]: [STDOUT]: 执行 tick 方法
[12:23:36] [Server thread/INFO]: [STDOUT]: 执行 tick 方法
[12:23:36] [Server thread/INFO]: [STDOUT]: 执行 tick 方法
[12:23:36] [Server thread/INFO]: [STDOUT]: 执行 tick 方法
[12:23:36] [Server thread/INFO]: [STDOUT]: 执行 tick 方法
[12:23:36] [Server thread/INFO]: [STDOUT]: 执行 tick 方法
[12:23:36] [Server thread/INFO]: [STDOUT]: 执行 tick 方法
[12:23:36] [Server thread/INFO]: [STDOUT]: 执行 tick 方法
[12:23:36] [Server thread/INFO]: [STDOUT]: 执行 tick 方法
[12:23:36] [Server thread/INFO]: [STDOUT]: 执行 tick 方法
[12:23:36] [Server thread/INFO]: [STDOUT]: 执行 tick 方法
[12:23:36] [Server thread/INFO]: [STDOUT]: 执行 tick 方法
[12:23:36] [Server thread/INFO]: [STDOUT]: 执行 tick 方法
[12:23:36] [Server thread/INFO]: [STDOUT]: 执行 tick 方法
[12:23:36] [Server thread/INFO]: [STDOUT]: 执行 tick 方法
[12:23:36] [Server thread/INFO]: [STDOUT]: 执行 tick 方法
[12:23:36] [Server thread/INFO]: [STDOUT]: 执行 tick 方法
[12:23:36] [Server thread/INFO]: [STDOUT]: 执行 tick 方法
[12:23:36] [Server thread/INFO]: [STDOUT]: 执行 tick 方法
[12:23:36] [Server thread/INFO]: [STDOUT]: 执行 tick 方法
[12:23:36] [Server thread/INFO]: [STDOUT]: 执行 tick 方法
[12:23:36] [Server thread/INFO]: [STDOUT]: 执行 tick 方法
[12:23:36] [Server thread/INFO]: [STDOUT]: 执行 tick 方法
[12:23:36] [Server thread/INFO]: [STDOUT]: 执行 tick 方法
[12:23:36] [Server thread/INFO]: [STDOUT]: 执行 tick 方法
[12:23:36] [Server thread/INFO]: [STDOUT]: 执行 tick 方法
[12:23:36] [Server thread/INFO]: [STDOUT]: 执行 tick 方法
[12:23:36] [Server thread/INFO]: [STDOUT]: 执行 tick 方法
[12:23:37] [Server thread/INFO]: [STDOUT]: 执行 tick 方法
[12:23:37] [Server thread/INFO]: [STDOUT]: 执行 tick 方法
[12:23:37] [Server thread/INFO]: [STDOUT]: 执行 tick 方法
[12:23:37] [Server thread/INFO]: [STDOUT]: 执行 tick 方法
[12:23:37] [Server thread/INFO]: [STDOUT]: 执行 tick 方法
[12:23:37] [Server thread/INFO]: [STDOUT]: 执行 tick 方法
[12:23:37] [Server thread/INFO]: [STDOUT]: 执行 tick 方法
[12:23:37] [Server thread/INFO]: [STDOUT]: 执行 tick 方法
[12:23:37] [Server thread/INFO]: [STDOUT]: 执行 tick 方法
[12:23:37] [Server thread/INFO]: [STDOUT]: 执行 tick 方法
[12:23:37] [Server thread/INFO]: [STDOUT]: 执行 tick 方法
[12:23:37] [Server thread/INFO]: [STDOUT]: 执行 tick 方法
[12:23:37] [Server thread/INFO]: [STDOUT]: 执行 tick 方法
[12:23:37] [Server thread/INFO]: [STDOUT]: 执行 tick 方法
[12:23:37] [Server thread/INFO]: [STDOUT]: 执行 tick 方法
[12:23:37] [Server thread/INFO]: [STDOUT]: 执行 tick 方法
[12:23:37] [Server thread/INFO]: [STDOUT]: 执行 tick 方法
[12:23:37] [Server thread/INFO]: [STDOUT]: 执行 tick 方法
[12:23:37] [Server thread/INFO]: [STDOUT]: 执行 tick 方法
[12:23:37] [Server thread/INFO]: [STDOUT]: 执行 tick 方法
[12:23:37] [Server thread/INFO]: [STDOUT]: 执行 tick 方法
[12:23:37] [Server thread/INFO]: [STDOUT]: 执行 tick 方法
[12:23:37] [Server thread/INFO]: [STDOUT]: 执行 tick 方法
[12:23:37] [Server thread/INFO]: [STDOUT]: 执行 tick 方法
[12:23:37] [Server thread/INFO]: [STDOUT]: 执行 tick 方法
[12:23:37] [Server thread/INFO]: [STDOUT]: 执行 tick 方法
[12:23:37] [Server thread/INFO]: [STDOUT]: 执行 tick 方法
[12:23:37] [Server thread/INFO]: [STDOUT]: 执行 tick 方法
[12:23:37] [Server thread/INFO]: [STDOUT]: 执行 tick 方法
[12:23:37] [Server thread/INFO]: [STDOUT]: 执行 tick 方法
[12:23:37] [Server thread/INFO]: [STDOUT]: 执行 tick 方法
[12:23:37] [Server thread/INFO]: [STDOUT]: 执行 tick 方法
[12:23:37] [Server thread/INFO]: [STDOUT]: 执行 tick 方法
[12:23:37] [Server thread/INFO]: [STDOUT]: 执行 tick 方法
[12:23:37] [Server thread/INFO]: [STDOUT]: 执行 tick 方法
[12:23:37] [Server thread/INFO]: [STDOUT]: 执行 tick 方法
[12:23:37] [Server thread/INFO]: [STDOUT]: 执行 tick 方法
[12:23:37] [Server thread/INFO]: [STDOUT]: 执行 tick 方法
[12:23:37] [Server thread/INFO]: [STDOUT]: 执行 tick 方法
[12:23:37] [Server thread/INFO]: [STDOUT]: 执行 tick 方法
[12:23:37] [Server thread/INFO]: [STDOUT]: 执行 tick 方法
[12:23:37] [Server thread/INFO]: [STDOUT]: 执行 tick 方法
[12:23:37] [Server thread/INFO]: [STDOUT]: 执行 tick 方法
[12:23:37] [Server thread/INFO]: [STDOUT]: 执行 tick 方法
[12:23:37] [Server thread/INFO]: [STDOUT]: 执行 tick 方法
[12:23:37] [Server thread/INFO]: [STDOUT]: 执行 tick 方法
[12:23:37] [Server thread/INFO]: [STDOUT]: 执行 tick 方法
[12:23:37] [Server thread/INFO]: [STDOUT]: 执行 tick 方法
[12:23:37] [Server thread/INFO]: [STDOUT]: 执行 tick 方法
[12:23:37] [Server thread/INFO]: [STDOUT]: 执行 tick 方法
[12:23:38] [Server thread/INFO]: [STDOUT]: 执行 tick 方法
[12:23:38] [Server thread/INFO]: [STDOUT]: 执行 tick 方法
[12:23:38] [Server thread/INFO]: [STDOUT]: 执行 tick 方法
[12:23:38] [Server thread/INFO]: [STDOUT]: 执行 tick 方法
[12:23:38] [Server thread/INFO]: [STDOUT]: 执行 tick 方法
[12:23:38] [Server thread/INFO]: [STDOUT]: 执行 tick 方法
[12:23:38] [Server thread/INFO]: [STDOUT]: 执行 tick 方法
[12:23:38] [Server thread/INFO]: [STDOUT]: 执行 tick 方法
[12:23:38] [Server thread/INFO]: [STDOUT]: 执行 tick 方法
[12:23:38] [Server thread/INFO]: [STDOUT]: 执行 tick 方法
[12:23:38] [Server thread/INFO]: [STDOUT]: 执行 tick 方法
[12:23:38] [Server thread/INFO]: [STDOUT]: 执行 tick 方法
[12:23:38] [Server thread/INFO]: [STDOUT]: 执行 tick 方法
[12:23:38] [Server thread/INFO]: [STDOUT]: 执行 tick 方法
[12:23:38] [Server thread/INFO]: [STDOUT]: 执行 tick 方法
[12:23:38] [Server thread/INFO]: [STDOUT]: 执行 tick 方法
[12:23:38] [Server thread/INFO]: [STDOUT]: 执行 tick 方法
[12:23:38] [Server thread/INFO]: [STDOUT]: 执行 tick 方法
[12:23:38] [Server thread/INFO]: [STDOUT]: 执行 tick 方法
[12:23:38] [Server thread/INFO]: [STDOUT]: 执行 tick 方法
[12:23:38] [Server thread/INFO]: [STDOUT]: 执行 tick 方法
[12:23:38] [Server thread/INFO]: [STDOUT]: 执行 tick 方法
[12:23:38] [Server thread/INFO]: [STDOUT]: 执行 tick 方法
[12:23:38] [Server thread/INFO]: [STDOUT]: 执行 tick 方法
[12:23:38] [Server thread/INFO]: [STDOUT]: 执行 tick 方法
[12:23:38] [Server thread/INFO]: [STDOUT]: 执行 tick 方法
[12:23:38] [Server thread/INFO]: [STDOUT]: 执行 tick 方法
[12:23:38] [Server thread/INFO]: [STDOUT]: 执行 tick 方法
[12:23:38] [Server thread/INFO]: [STDOUT]: 执行 tick 方法
[12:23:38] [Server thread/INFO]: [STDOUT]: 执行 tick 方法
[12:23:38] [Server thread/INFO]: [STDOUT]: 执行 tick 方法
[12:23:38] [Server thread/INFO]: [STDOUT]: 执行 tick 方法
[12:23:38] [Server thread/INFO]: [STDOUT]: 执行 tick 方法
[12:23:38] [Server thread/INFO]: [STDOUT]: 执行 tick 方法
[12:23:38] [Server thread/INFO]: [STDOUT]: 执行 tick 方法
[12:23:38] [Server thread/INFO]: [STDOUT]: 执行 tick 方法
[12:23:38] [Server thread/INFO]: [STDOUT]: 执行 tick 方法
[12:23:38] [Server thread/INFO]: [STDOUT]: 执行 tick 方法
[12:23:38] [Server thread/INFO]: [STDOUT]: 执行 tick 方法
[12:23:38] [Server thread/INFO]: [STDOUT]: 执行 tick 方法
[12:23:38] [Server thread/INFO]: [STDOUT]: 执行 tick 方法
[12:23:38] [Server thread/INFO]: [STDOUT]: 执行 tick 方法
[12:23:38] [Server thread/INFO]: [STDOUT]: 执行 tick 方法
[12:23:38] [Server thread/INFO]: [STDOUT]: 执行 tick 方法
[12:23:38] [Server thread/INFO]: [STDOUT]: 执行 tick 方法
[12:23:38] [Server thread/INFO]: [STDOUT]: 执行 tick 方法
[12:23:38] [Server thread/INFO]: [STDOUT]: 执行 tick 方法
[12:23:38] [Server thread/INFO]: [STDOUT]: 执行 tick 方法
[12:23:38] [Server thread/INFO]: [STDOUT]: 执行 tick 方法
[12:23:38] [Server thread/INFO]: [STDOUT]: 执行 tick 方法
[12:23:39] [Server thread/INFO]: [STDOUT]: 执行 tick 方法
[12:23:39] [Server thread/INFO]: [STDOUT]: 执行 tick 方法
[12:23:39] [Server thread/INFO]: [STDOUT]: 执行 tick 方法
[12:23:39] [Server thread/INFO]: [STDOUT]: 执行 tick 方法
[12:23:39] [Server thread/INFO]: [STDOUT]: 执行 tick 方法
[12:23:39] [Server thread/INFO]: [STDOUT]: 执行 tick 方法
[12:23:39] [Server thread/INFO]: [STDOUT]: 执行 tick 方法
[12:23:39] [Server thread/INFO]: [STDOUT]: 执行 tick 方法
[12:23:39] [Server thread/INFO]: [STDOUT]: 执行 tick 方法
[12:23:39] [Server thread/INFO]: [STDOUT]: 执行 tick 方法
[12:23:39] [Server thread/INFO]: [STDOUT]: 执行 tick 方法
[12:23:39] [Server thread/INFO]: [STDOUT]: 执行 tick 方法
[12:23:39] [Server thread/INFO]: [STDOUT]: 执行 tick 方法
[12:23:39] [Server thread/INFO]: [STDOUT]: 执行 tick 方法
[12:23:39] [Server thread/INFO]: [STDOUT]: 执行 tick 方法
[12:23:39] [Server thread/INFO]: [STDOUT]: 执行 tick 方法
[12:23:39] [Server thread/INFO]: [STDOUT]: 执行 tick 方法
[12:23:39] [Server thread/INFO]: [STDOUT]: 执行 tick 方法
[12:23:39] [Server thread/INFO]: [STDOUT]: 执行 tick 方法
[12:23:39] [Server thread/INFO]: [STDOUT]: 执行 tick 方法
[12:23:39] [Server thread/INFO]: [STDOUT]: 执行 tick 方法
[12:23:39] [Server thread/INFO]: [STDOUT]: 执行 tick 方法
[12:23:39] [Server thread/INFO]: [STDOUT]: 执行 tick 方法
[12:23:39] [Server thread/INFO]: [STDOUT]: 执行 tick 方法
[12:23:39] [Server thread/INFO]: [STDOUT]: 执行 tick 方法
[12:23:39] [Server thread/INFO]: [STDOUT]: 执行 tick 方法
[12:23:39] [Server thread/INFO]: [STDOUT]: 执行 tick 方法
[12:23:39] [Server thread/INFO]: [STDOUT]: 执行 tick 方法
[12:23:39] [Server thread/INFO]: [STDOUT]: 执行 tick 方法
[12:23:39] [Server thread/INFO]: [STDOUT]: 执行 tick 方法
[12:23:39] [Server thread/INFO]: [STDOUT]: 执行 tick 方法
[12:23:39] [Server thread/INFO]: [STDOUT]: 执行 tick 方法
[12:23:39] [Server thread/INFO]: [STDOUT]: 执行 tick 方法
[12:23:39] [Server thread/INFO]: [STDOUT]: 执行 tick 方法
[12:23:39] [Server thread/INFO]: [STDOUT]: 执行 tick 方法
[12:23:39] [Server thread/INFO]: [STDOUT]: 执行 tick 方法
[12:23:39] [Server thread/INFO]: [STDOUT]: 执行 tick 方法
[12:23:39] [Server thread/INFO]: [STDOUT]: 执行 tick 方法
[12:23:39] [Server thread/INFO]: [STDOUT]: 执行 tick 方法
[12:23:39] [Server thread/INFO]: [STDOUT]: 执行 tick 方法
[12:23:39] [Server thread/INFO]: [STDOUT]: 执行 tick 方法
[12:23:39] [Server thread/INFO]: [STDOUT]: 执行 tick 方法
[12:23:39] [Server thread/INFO]: [STDOUT]: 执行 tick 方法
[12:23:39] [Server thread/INFO]: [STDOUT]: 执行 tick 方法
[12:23:39] [Server thread/INFO]: [STDOUT]: 执行 tick 方法
[12:23:39] [Server thread/INFO]: [STDOUT]: 执行 tick 方法
[12:23:39] [Server thread/INFO]: [STDOUT]: 执行 tick 方法
[12:23:39] [Server thread/INFO]: [STDOUT]: 执行 tick 方法
[12:23:39] [Server thread/INFO]: [STDOUT]: 执行 tick 方法
[12:23:39] [Server thread/INFO]: [STDOUT]: 执行 tick 方法
[12:23:40] [Server thread/INFO]: [STDOUT]: 执行 tick 方法
[12:23:40] [Server thread/INFO]: [STDOUT]: 执行 tick 方法
[12:23:40] [Server thread/INFO]: [STDOUT]: 执行 tick 方法
[12:23:40] [Server thread/INFO]: [STDOUT]: 执行 tick 方法
[12:23:40] [Server thread/INFO]: [STDOUT]: 执行 tick 方法
[12:23:40] [Server thread/INFO]: [STDOUT]: 执行 tick 方法
[12:23:40] [Server thread/INFO]: [STDOUT]: 执行 tick 方法
[12:23:40] [Server thread/INFO]: [STDOUT]: 执行 tick 方法
[12:23:40] [Server thread/INFO]: [STDOUT]: 执行 tick 方法
[12:23:40] [Server thread/INFO]: [STDOUT]: 执行 tick 方法
[12:23:40] [Server thread/INFO]: [STDOUT]: 执行 tick 方法
[12:23:40] [Server thread/INFO]: [STDOUT]: 执行 tick 方法
[12:23:40] [Server thread/INFO]: [STDOUT]: 执行 tick 方法
[12:23:40] [Server thread/INFO]: [STDOUT]: 执行 tick 方法
[12:23:40] [Server thread/INFO]: [STDOUT]: 执行 tick 方法
[12:23:40] [Server thread/INFO]: [STDOUT]: 执行 tick 方法
[12:23:40] [Server thread/INFO]: [STDOUT]: 执行 tick 方法
[12:23:40] [Server thread/INFO]: [STDOUT]: 执行 tick 方法
[12:23:40] [Server thread/INFO]: [STDOUT]: 执行 tick 方法
[12:23:40] [Server thread/INFO]: [STDOUT]: 执行 tick 方法
[12:23:40] [Server thread/INFO]: [STDOUT]: 执行 tick 方法
[12:23:40] [Server thread/INFO]: [STDOUT]: 执行 tick 方法
[12:23:40] [Server thread/INFO]: [STDOUT]: 执行 tick 方法
[12:23:40] [Server thread/INFO]: [STDOUT]: 执行 tick 方法
[12:23:40] [Server thread/INFO]: [STDOUT]: 执行 tick 方法
[12:23:40] [Server thread/INFO]: [STDOUT]: 执行 tick 方法
[12:23:40] [Server thread/INFO]: [STDOUT]: 执行 tick 方法
[12:23:40] [Server thread/INFO]: [STDOUT]: 执行 tick 方法
[12:23:40] [Server thread/INFO]: [STDOUT]: 执行 tick 方法
[12:23:40] [Server thread/INFO]: [STDOUT]: 执行 tick 方法
[12:23:40] [Server thread/INFO]: [STDOUT]: 执行 tick 方法
[12:23:40] [Server thread/INFO]: [STDOUT]: 执行 tick 方法
[12:23:40] [Server thread/INFO]: [STDOUT]: 执行 tick 方法
[12:23:40] [Server thread/INFO]: [STDOUT]: 执行 tick 方法
[12:23:40] [Server thread/INFO]: [STDOUT]: 执行 tick 方法
[12:23:40] [Server thread/INFO]: [STDOUT]: 执行 tick 方法
[12:23:40] [Server thread/INFO]: [STDOUT]: 执行 tick 方法
[12:23:40] [Server thread/INFO]: [STDOUT]: 执行 tick 方法
[12:23:40] [Server thread/INFO]: [STDOUT]: 执行 tick 方法
[12:23:40] [Server thread/INFO]: [STDOUT]: 执行 tick 方法
[12:23:40] [Server thread/INFO]: [STDOUT]: 执行 tick 方法
[12:23:40] [Server thread/INFO]: [STDOUT]: 执行 tick 方法
[12:23:40] [Server thread/INFO]: [STDOUT]: 执行 tick 方法
[12:23:40] [Server thread/INFO]: [STDOUT]: 执行 tick 方法
[12:23:41] [Server thread/INFO]: [STDOUT]: 执行 tick 方法
[12:23:41] [Server thread/INFO]: [STDOUT]: 执行 tick 方法
[12:23:41] [Server thread/INFO]: [STDOUT]: 执行 tick 方法
[12:23:41] [Server thread/INFO]: [STDOUT]: 执行 tick 方法
[12:23:41] [Server thread/INFO]: [STDOUT]: 执行 tick 方法
[12:23:41] [Server thread/INFO]: [STDOUT]: 执行 tick 方法
[12:23:41] [Server thread/INFO]: [STDOUT]: 执行 tick 方法
[12:23:41] [Server thread/INFO]: [STDOUT]: 执行 tick 方法
[12:23:41] [Server thread/INFO]: [STDOUT]: 执行 tick 方法
[12:23:41] [Server thread/INFO]: [STDOUT]: 执行 tick 方法
[12:23:41] [Server thread/INFO]: [STDOUT]: 执行 tick 方法
[12:23:41] [Server thread/INFO]: [STDOUT]: 执行 tick 方法
[12:23:41] [Server thread/INFO]: [STDOUT]: 执行 tick 方法
[12:23:41] [Server thread/INFO]: [STDOUT]: 执行 tick 方法
[12:23:41] [Server thread/INFO]: [STDOUT]: 执行 tick 方法
[12:23:41] [Server thread/INFO]: [STDOUT]: 执行 tick 方法
[12:23:41] [Server thread/INFO]: [STDOUT]: 执行 tick 方法
[12:23:41] [Server thread/INFO]: [STDOUT]: 执行 tick 方法
[12:23:41] [Server thread/INFO]: [STDOUT]: 执行 tick 方法
[12:23:41] [Server thread/INFO]: [STDOUT]: 执行 tick 方法
[12:23:41] [Server thread/INFO]: [STDOUT]: 执行 tick 方法
[12:23:41] [Server thread/INFO]: [STDOUT]: 执行 tick 方法
[12:23:41] [Server thread/INFO]: [STDOUT]: 执行 tick 方法
[12:23:41] [Server thread/INFO]: [STDOUT]: 执行 tick 方法
[12:23:41] [Server thread/INFO]: [STDOUT]: 执行 tick 方法
[12:23:41] [Server thread/INFO]: [STDOUT]: 执行 tick 方法
[12:23:41] [Server thread/INFO]: [STDOUT]: 执行 tick 方法
[12:23:41] [Server thread/INFO]: [STDOUT]: 执行 tick 方法
[12:23:41] [Server thread/INFO]: [STDOUT]: 执行 tick 方法
[12:23:41] [Server thread/INFO]: [STDOUT]: 执行 tick 方法
[12:23:41] [Server thread/INFO]: [STDOUT]: 执行 tick 方法
[12:23:41] [Server thread/INFO]: [STDOUT]: 执行 tick 方法
[12:23:41] [Server thread/INFO]: [STDOUT]: 执行 tick 方法
[12:23:41] [Server thread/INFO]: [STDOUT]: 执行 tick 方法
[12:23:41] [Server thread/INFO]: [STDOUT]: 执行 tick 方法
[12:23:41] [Server thread/INFO]: [STDOUT]: 执行 tick 方法
[12:23:41] [Server thread/INFO]: [STDOUT]: 执行 tick 方法
[12:23:41] [Server thread/INFO]: [STDOUT]: 执行 tick 方法
[12:23:41] [Server thread/INFO]: [STDOUT]: 执行 tick 方法
[12:23:41] [Server thread/INFO]: [STDOUT]: 执行 tick 方法
[12:23:41] [Server thread/INFO]: [STDOUT]: 执行 tick 方法
[12:23:42] [Server thread/INFO]: [STDOUT]: 执行 tick 方法
[12:23:42] [Server thread/INFO]: [STDOUT]: 执行 tick 方法
[12:23:42] [Server thread/INFO]: [STDOUT]: 执行 tick 方法
[12:23:42] [Server thread/INFO]: [STDOUT]: 执行 tick 方法
[12:23:42] [Server thread/INFO]: [STDOUT]: 执行 tick 方法
[12:23:42] [Server thread/INFO]: [STDOUT]: 执行 tick 方法
[12:23:42] [Server thread/INFO]: [STDOUT]: 执行 tick 方法
[12:23:42] [Server thread/INFO]: [STDOUT]: 执行 tick 方法
[12:23:42] [Server thread/INFO]: [STDOUT]: 执行 tick 方法
[12:23:42] [Server thread/INFO]: [STDOUT]: 执行 tick 方法
[12:23:42] [Server thread/INFO]: [STDOUT]: 执行 tick 方法
[12:23:42] [Server thread/INFO]: [STDOUT]: 执行 tick 方法
[12:23:42] [Server thread/INFO]: [STDOUT]: 执行 tick 方法
[12:23:42] [Server thread/INFO]: [STDOUT]: 执行 tick 方法
[12:23:42] [Server thread/INFO]: [STDOUT]: 执行 tick 方法
[12:23:42] [Server thread/INFO]: [STDOUT]: 执行 tick 方法
[12:23:42] [Server thread/INFO]: [STDOUT]: 执行 tick 方法
[12:23:42] [Server thread/INFO]: [STDOUT]: 执行 tick 方法
[12:23:42] [Server thread/INFO]: [STDOUT]: 执行 tick 方法
[12:23:42] [Server thread/INFO]: [STDOUT]: 执行 tick 方法
[12:23:42] [Server thread/INFO]: [STDOUT]: 执行 tick 方法
[12:23:42] [Server thread/INFO]: [STDOUT]: 执行 tick 方法
[12:23:42] [Server thread/INFO]: [STDOUT]: 执行 tick 方法
[12:23:42] [Server thread/INFO]: [STDOUT]: 执行 tick 方法
[12:23:42] [Server thread/INFO]: [STDOUT]: 执行 tick 方法
[12:23:42] [Server thread/INFO]: [STDOUT]: 执行 tick 方法
[12:23:42] [Server thread/INFO]: [STDOUT]: 执行 tick 方法
[12:23:42] [Server thread/INFO]: [STDOUT]: 执行 tick 方法
[12:23:42] [Server thread/INFO]: [STDOUT]: 执行 tick 方法
[12:23:42] [Server thread/INFO]: [STDOUT]: 执行 tick 方法
[12:23:42] [Server thread/INFO]: [STDOUT]: 执行 tick 方法
[12:23:42] [Server thread/INFO]: [STDOUT]: 执行 tick 方法
[12:23:42] [Server thread/INFO]: [STDOUT]: 执行 tick 方法
[12:23:42] [Server thread/INFO]: [STDOUT]: 执行 tick 方法
[12:23:42] [Server thread/INFO]: [STDOUT]: 执行 tick 方法
[12:23:42] [Server thread/INFO]: [STDOUT]: 执行 tick 方法
[12:23:42] [Server thread/INFO]: [STDOUT]: 执行 tick 方法
[12:23:42] [Server thread/INFO]: [STDOUT]: 执行 tick 方法
[12:23:42] [Server thread/INFO]: [STDOUT]: 执行 tick 方法
[12:23:42] [Server thread/INFO]: [STDOUT]: 执行 tick 方法
[12:23:42] [Server thread/INFO]: [STDOUT]: 执行 tick 方法
[12:23:42] [Server thread/INFO]: [STDOUT]: 执行 tick 方法
[12:23:43] [Server thread/INFO]: [STDOUT]: 执行 tick 方法
[12:23:43] [Server thread/INFO]: [STDOUT]: 执行 tick 方法
[12:23:43] [Server thread/INFO]: [STDOUT]: 执行 tick 方法
[12:23:43] [Server thread/INFO]: [STDOUT]: 执行 tick 方法
[12:23:43] [Server thread/INFO]: [STDOUT]: 执行 tick 方法
[12:23:43] [Server thread/INFO]: [STDOUT]: 执行 tick 方法
[12:23:43] [Server thread/INFO]: [STDOUT]: 执行 tick 方法
[12:23:43] [Server thread/INFO]: [STDOUT]: 执行 tick 方法
[12:23:43] [Server thread/INFO]: [STDOUT]: 执行 tick 方法
[12:23:43] [Server thread/INFO]: [STDOUT]: 执行 tick 方法
[12:23:43] [Server thread/INFO]: [STDOUT]: 执行 tick 方法
[12:23:43] [Server thread/INFO]: [STDOUT]: 执行 tick 方法
[12:23:43] [Server thread/INFO]: [STDOUT]: 执行 tick 方法
[12:23:43] [Server thread/INFO]: [STDOUT]: 执行 tick 方法
[12:23:43] [Server thread/INFO]: [STDOUT]: 执行 tick 方法
[12:23:43] [Server thread/INFO]: [STDOUT]: 执行 tick 方法
[12:23:43] [Server thread/INFO]: [STDOUT]: 执行 tick 方法
[12:23:43] [Server thread/INFO]: [STDOUT]: 执行 tick 方法
[12:23:43] [Server thread/INFO]: [STDOUT]: 执行 tick 方法
[12:23:43] [Server thread/INFO]: [STDOUT]: 执行 tick 方法
[12:23:43] [Server thread/INFO]: [STDOUT]: 执行 tick 方法
[12:23:43] [Server thread/INFO]: [STDOUT]: 执行 tick 方法
[12:23:43] [Server thread/INFO]: [STDOUT]: 执行 tick 方法
[12:23:43] [Server thread/INFO]: [STDOUT]: 执行 tick 方法
[12:23:43] [Server thread/INFO]: [STDOUT]: 执行 tick 方法
[12:23:43] [Server thread/INFO]: [STDOUT]: 执行 tick 方法
[12:23:43] [Server thread/INFO]: [STDOUT]: 执行 tick 方法
[12:23:43] [Server thread/INFO]: [STDOUT]: 执行 tick 方法
[12:23:43] [Server thread/INFO]: [STDOUT]: 执行 tick 方法
[12:23:43] [Server thread/INFO]: [STDOUT]: 执行 tick 方法
[12:23:43] [Server thread/INFO]: [STDOUT]: 执行 tick 方法
[12:23:43] [Server thread/INFO]: [STDOUT]: 执行 tick 方法
[12:23:43] [Server thread/INFO]: [STDOUT]: 执行 tick 方法
[12:23:43] [Server thread/INFO]: [STDOUT]: 执行 tick 方法
[12:23:43] [Server thread/INFO]: [STDOUT]: 执行 tick 方法
[12:23:44] [Server thread/INFO]: [STDOUT]: 执行 tick 方法
[12:23:44] [Server thread/INFO]: [STDOUT]: 执行 tick 方法
[12:23:44] [Server thread/INFO]: [STDOUT]: 执行 tick 方法
[12:23:44] [Server thread/INFO]: [STDOUT]: 执行 tick 方法
[12:23:44] [Server thread/INFO]: [STDOUT]: 执行 tick 方法
[12:23:44] [Server thread/INFO]: [STDOUT]: 执行 tick 方法
[12:23:45] [Server thread/INFO]: [STDOUT]: 执行 tick 方法
[12:23:45] [Server thread/INFO]: [STDOUT]: 执行 tick 方法
[12:24:20] [Server thread/INFO]: [STDOUT]: 执行 tick 方法
[12:24:21] [Server thread/INFO]: [STDOUT]: 执行 tick 方法
[12:24:21] [Server thread/INFO]: [STDOUT]: 执行 tick 方法
[12:24:21] [Server thread/INFO]: [STDOUT]: 执行 tick 方法
[12:24:22] [Server thread/INFO]: [STDOUT]: 执行 tick 方法
[12:24:22] [Server thread/INFO]: [STDOUT]: 执行 tick 方法
[12:24:22] [Server thread/INFO]: [STDOUT]: 执行 tick 方法
[12:24:23] [Server thread/INFO]: [STDOUT]: 执行 tick 方法
[12:24:23] [Server thread/INFO]: [STDOUT]: 执行 tick 方法
[12:24:23] [Server thread/INFO]: [STDOUT]: 执行 tick 方法
[12:24:23] [Server thread/INFO]: [STDOUT]: 执行 tick 方法
[12:24:23] [Server thread/INFO]: [STDOUT]: 执行 tick 方法
[12:24:24] [Server thread/INFO]: [STDOUT]: 执行 tick 方法
[12:24:24] [Server thread/INFO]: [STDOUT]: 执行 tick 方法
[12:24:24] [Server thread/INFO]: [STDOUT]: 执行 tick 方法
[12:24:25] [Server thread/INFO]: [STDOUT]: 执行 tick 方法
[12:24:25] [Server thread/INFO]: [STDOUT]: 执行 tick 方法
[12:24:25] [Server thread/INFO]: [STDOUT]: 执行 tick 方法
[12:24:25] [Server thread/INFO]: [STDOUT]: 执行 tick 方法
[12:24:25] [Server thread/INFO]: [STDOUT]: 执行 tick 方法
[12:24:26] [Server thread/INFO]: [STDOUT]: 执行 tick 方法
[12:24:26] [Server thread/INFO]: [STDOUT]: 执行 tick 方法
[12:24:26] [Server thread/INFO]: [STDOUT]: 执行 tick 方法
[12:24:27] [Server thread/INFO]: [STDOUT]: 执行 tick 方法
[12:24:27] [Server thread/INFO]: [STDOUT]: 执行 tick 方法
[12:24:27] [Server thread/INFO]: [STDOUT]: 执行 tick 方法
[12:24:27] [Server thread/INFO]: [STDOUT]: 执行 tick 方法
[12:24:28] [Server thread/INFO]: [STDOUT]: 执行 tick 方法
[12:24:28] [Server thread/INFO]: [STDOUT]: 执行 tick 方法
[12:24:28] [Server thread/INFO]: [STDOUT]: 执行 tick 方法
[12:25:01] [Server thread/INFO]: [STDOUT]: 执行 tick 方法
[12:25:01] [Server thread/INFO]: [STDOUT]: 执行 tick 方法
[12:25:02] [Server thread/INFO]: [STDOUT]: 执行 tick 方法
[12:25:03] [Server thread/INFO]: [STDOUT]: 执行 tick 方法
[12:25:04] [Server thread/INFO]: [STDOUT]: 执行 tick 方法
[12:25:05] [Server thread/INFO]: [STDOUT]: 执行 tick 方法
[12:25:05] [Server thread/INFO]: [STDOUT]: 执行 tick 方法
[12:25:05] [Server thread/INFO]: [STDOUT]: 执行 tick 方法
[12:25:06] [Server thread/INFO]: [STDOUT]: 执行 tick 方法
[12:25:06] [Server thread/INFO]: [STDOUT]: 执行 tick 方法
[12:25:06] [Server thread/INFO]: [STDOUT]: 执行 tick 方法
[12:25:06] [Server thread/INFO]: [STDOUT]: 执行 tick 方法
[12:25:07] [Server thread/INFO]: [STDOUT]: 执行 tick 方法
[12:25:08] [Server thread/INFO]: [STDOUT]: 执行 tick 方法
[12:25:08] [Server thread/INFO]: [STDOUT]: 执行 tick 方法
[12:25:08] [Server thread/INFO]: [STDOUT]: 执行 tick 方法
[12:25:09] [Server thread/INFO]: [STDOUT]: 执行 tick 方法
[12:25:09] [Server thread/INFO]: [STDOUT]: 执行 tick 方法
[12:25:09] [Server thread/INFO]: [STDOUT]: 执行 tick 方法
[12:25:10] [Server thread/INFO]: [STDOUT]: 执行 tick 方法
[12:25:11] [Server thread/INFO]: [STDOUT]: 执行 tick 方法
[12:25:11] [Server thread/INFO]: [STDOUT]: 执行 tick 方法
[12:25:15] [Server thread/INFO]: [STDOUT]: 执行 tick 方法
[12:25:15] [Server thread/INFO]: [STDOUT]: 执行 tick 方法
[12:25:16] [Server thread/INFO]: [STDOUT]: 执行 tick 方法
[12:25:16] [Server thread/INFO]: [STDOUT]: 执行 tick 方法
[12:25:16] [Server thread/INFO]: [STDOUT]: 执行 tick 方法
[12:25:17] [Server thread/INFO]: [STDOUT]: 执行 tick 方法
[12:25:17] [Server thread/INFO]: [STDOUT]: 执行 tick 方法
[12:25:17] [Server thread/INFO]: [STDOUT]: 执行 tick 方法
[12:25:17] [Server thread/INFO]: [STDOUT]: 执行 tick 方法
[12:25:18] [Server thread/INFO]: [STDOUT]: 执行 tick 方法
[12:25:18] [Server thread/INFO]: [STDOUT]: 执行 tick 方法
[12:25:18] [Server thread/INFO]: [STDOUT]: 执行 tick 方法
[12:25:18] [Server thread/INFO]: [STDOUT]: 执行 tick 方法
[12:25:18] [Server thread/INFO]: [STDOUT]: 执行 tick 方法
[12:25:19] [Server thread/INFO]: [STDOUT]: 执行 tick 方法
[12:25:19] [Server thread/INFO]: [STDOUT]: 执行 tick 方法
[12:25:19] [Server thread/INFO]: [STDOUT]: 执行 tick 方法
[12:25:19] [Server thread/INFO]: [STDOUT]: 执行 tick 方法
[12:25:19] [Server thread/INFO]: [STDOUT]: 执行 tick 方法
[12:25:20] [Server thread/INFO]: [STDOUT]: 执行 tick 方法
[12:25:20] [Server thread/INFO]: [STDOUT]: 执行 tick 方法
[12:25:20] [Server thread/INFO]: [STDOUT]: 执行 tick 方法
[12:25:20] [Server thread/INFO]: [STDOUT]: 执行 tick 方法
[12:25:20] [Server thread/INFO]: [STDOUT]: 执行 tick 方法
[12:25:21] [Server thread/INFO]: [STDOUT]: 执行 tick 方法
[12:25:21] [Server thread/INFO]: [STDOUT]: 执行 tick 方法
[12:25:21] [Server thread/INFO]: [STDOUT]: 执行 tick 方法
[12:25:21] [Server thread/INFO]: [STDOUT]: 执行 tick 方法
[12:25:22] [Server thread/INFO]: [STDOUT]: 执行 tick 方法
[12:25:22] [Server thread/INFO]: [STDOUT]: 执行 tick 方法
[12:25:22] [Server thread/INFO]: [STDOUT]: 执行 tick 方法
[12:25:38] [Server thread/INFO]: [STDOUT]: 执行 tick 方法
[12:25:38] [Server thread/INFO]: [STDOUT]: 执行 tick 方法
[12:25:38] [Server thread/INFO]: [STDOUT]: 执行 tick 方法
[12:25:38] [Server thread/INFO]: [STDOUT]: 执行 tick 方法
[12:25:38] [Server thread/INFO]: [STDOUT]: 执行 tick 方法
[12:25:38] [Server thread/INFO]: [STDOUT]: 执行 tick 方法
[12:25:38] [Server thread/INFO]: [STDOUT]: 执行 tick 方法
[12:25:39] [Server thread/INFO]: [STDOUT]: 执行 tick 方法
[12:25:39] [Server thread/INFO]: [STDOUT]: 执行 tick 方法
[12:25:39] [Server thread/INFO]: [STDOUT]: 执行 tick 方法
[12:25:39] [Server thread/INFO]: [STDOUT]: 执行 tick 方法
[12:25:39] [Server thread/INFO]: [STDOUT]: 执行 tick 方法
[12:25:39] [Server thread/INFO]: [STDOUT]: 执行 tick 方法
[12:25:39] [Server thread/INFO]: [STDOUT]: 执行 tick 方法
[12:25:39] [Server thread/INFO]: [STDOUT]: 执行 tick 方法
[12:25:39] [Server thread/INFO]: [STDOUT]: 执行 tick 方法
[12:25:39] [Server thread/INFO]: [STDOUT]: 执行 tick 方法
[12:25:39] [Server thread/INFO]: [STDOUT]: 执行 tick 方法
[12:25:39] [Server thread/INFO]: [STDOUT]: 执行 tick 方法
[12:25:39] [Server thread/INFO]: [STDOUT]: 执行 tick 方法
[12:25:39] [Server thread/INFO]: [STDOUT]: 执行 tick 方法
[12:25:39] [Server thread/INFO]: [STDOUT]: 执行 tick 方法
[12:25:39] [Server thread/INFO]: [STDOUT]: 执行 tick 方法
[12:25:39] [Server thread/INFO]: [STDOUT]: 执行 tick 方法
[12:25:39] [Server thread/INFO]: [STDOUT]: 执行 tick 方法
[12:25:39] [Server thread/INFO]: [STDOUT]: 执行 tick 方法
[12:25:39] [Server thread/INFO]: [STDOUT]: 执行 tick 方法
[12:25:39] [Server thread/INFO]: [STDOUT]: 执行 tick 方法
[12:25:39] [Server thread/INFO]: [STDOUT]: 执行 tick 方法
[12:25:39] [Server thread/INFO]: [STDOUT]: 执行 tick 方法
[12:25:39] [Server thread/INFO]: [STDOUT]: 执行 tick 方法
[12:25:39] [Server thread/INFO]: [STDOUT]: 执行 tick 方法
[12:25:39] [Server thread/INFO]: [STDOUT]: 执行 tick 方法
[12:25:39] [Server thread/INFO]: [STDOUT]: 执行 tick 方法
[12:25:39] [Server thread/INFO]: [STDOUT]: 执行 tick 方法
[12:25:39] [Server thread/INFO]: [STDOUT]: 执行 tick 方法
[12:25:39] [Server thread/INFO]: [STDOUT]: 执行 tick 方法
[12:25:39] [Server thread/INFO]: [STDOUT]: 执行 tick 方法
[12:25:39] [Server thread/INFO]: [STDOUT]: 执行 tick 方法
[12:25:39] [Server thread/INFO]: [STDOUT]: 执行 tick 方法
[12:25:39] [Server thread/INFO]: [STDOUT]: 执行 tick 方法
[12:25:39] [Server thread/INFO]: [STDOUT]: 执行 tick 方法
[12:25:39] [Server thread/INFO]: [STDOUT]: 执行 tick 方法
[12:25:39] [Server thread/INFO]: [STDOUT]: 执行 tick 方法
[12:25:39] [Server thread/INFO]: [STDOUT]: 执行 tick 方法
[12:25:39] [Server thread/INFO]: [STDOUT]: 执行 tick 方法
[12:25:39] [Server thread/INFO]: [STDOUT]: 执行 tick 方法
[12:25:39] [Server thread/INFO]: [STDOUT]: 执行 tick 方法
[12:25:39] [Server thread/INFO]: [STDOUT]: 执行 tick 方法
[12:25:39] [Server thread/INFO]: [STDOUT]: 执行 tick 方法
[12:25:39] [Server thread/INFO]: [STDOUT]: 执行 tick 方法
[12:25:39] [Server thread/INFO]: [STDOUT]: 执行 tick 方法
[12:25:39] [Server thread/INFO]: [STDOUT]: 执行 tick 方法
[12:25:39] [Server thread/INFO]: [STDOUT]: 执行 tick 方法
[12:25:39] [Server thread/INFO]: [STDOUT]: 执行 tick 方法
[12:25:39] [Server thread/INFO]: [STDOUT]: 执行 tick 方法
[12:25:39] [Server thread/INFO]: [STDOUT]: 执行 tick 方法
[12:25:39] [Server thread/INFO]: [STDOUT]: 执行 tick 方法
[12:25:39] [Server thread/INFO]: [STDOUT]: 执行 tick 方法
[12:25:39] [Server thread/INFO]: [STDOUT]: 执行 tick 方法
[12:25:39] [Server thread/INFO]: [STDOUT]: 执行 tick 方法
[12:25:40] [Server thread/INFO]: [STDOUT]: 执行 tick 方法
[12:25:40] [Server thread/INFO]: [STDOUT]: 执行 tick 方法
[12:25:40] [Server thread/INFO]: [STDOUT]: 执行 tick 方法
[12:25:40] [Server thread/INFO]: [STDOUT]: 执行 tick 方法
[12:25:40] [Server thread/INFO]: [STDOUT]: 执行 tick 方法
[12:25:40] [Server thread/INFO]: [STDOUT]: 执行 tick 方法
[12:25:40] [Server thread/INFO]: [STDOUT]: 执行 tick 方法
[12:25:40] [Server thread/INFO]: [STDOUT]: 执行 tick 方法
[12:25:40] [Server thread/INFO]: [STDOUT]: 执行 tick 方法
[12:25:40] [Server thread/INFO]: [STDOUT]: 执行 tick 方法
[12:25:40] [Server thread/INFO]: [STDOUT]: 执行 tick 方法
[12:25:40] [Server thread/INFO]: [STDOUT]: 执行 tick 方法
[12:25:40] [Server thread/INFO]: [STDOUT]: 执行 tick 方法
[12:25:40] [Server thread/INFO]: [STDOUT]: 执行 tick 方法
[12:25:40] [Server thread/INFO]: [STDOUT]: 执行 tick 方法
[12:25:40] [Server thread/INFO]: [STDOUT]: 执行 tick 方法
[12:25:40] [Server thread/INFO]: [STDOUT]: 执行 tick 方法
[12:25:40] [Server thread/INFO]: [STDOUT]: 执行 tick 方法
[12:25:40] [Server thread/INFO]: [STDOUT]: 执行 tick 方法
[12:25:40] [Server thread/INFO]: [STDOUT]: 执行 tick 方法
[12:25:40] [Server thread/INFO]: [STDOUT]: 执行 tick 方法
[12:25:40] [Server thread/INFO]: [STDOUT]: 执行 tick 方法
[12:25:40] [Server thread/INFO]: [STDOUT]: 执行 tick 方法
[12:25:40] [Server thread/INFO]: [STDOUT]: 执行 tick 方法
[12:25:40] [Server thread/INFO]: [STDOUT]: 执行 tick 方法
[12:25:40] [Server thread/INFO]: [STDOUT]: 执行 tick 方法
[12:25:40] [Server thread/INFO]: [STDOUT]: 执行 tick 方法
[12:25:40] [Server thread/INFO]: [STDOUT]: 执行 tick 方法
[12:25:40] [Server thread/INFO]: [STDOUT]: 执行 tick 方法
[12:25:40] [Server thread/INFO]: [STDOUT]: 执行 tick 方法
[12:25:40] [Server thread/INFO]: [STDOUT]: 执行 tick 方法
[12:25:40] [Server thread/INFO]: [STDOUT]: 执行 tick 方法
[12:25:40] [Server thread/INFO]: [STDOUT]: 执行 tick 方法
[12:25:40] [Server thread/INFO]: [STDOUT]: 执行 tick 方法
[12:25:40] [Server thread/INFO]: [STDOUT]: 执行 tick 方法
[12:25:40] [Server thread/INFO]: [STDOUT]: 执行 tick 方法
[12:25:40] [Server thread/INFO]: [STDOUT]: 执行 tick 方法
[12:25:40] [Server thread/INFO]: [STDOUT]: 执行 tick 方法
[12:25:40] [Server thread/INFO]: [STDOUT]: 执行 tick 方法
[12:25:40] [Server thread/INFO]: [STDOUT]: 执行 tick 方法
[12:25:40] [Server thread/INFO]: [STDOUT]: 执行 tick 方法
[12:25:40] [Server thread/INFO]: [STDOUT]: 执行 tick 方法
[12:25:40] [Server thread/INFO]: [STDOUT]: 执行 tick 方法
[12:25:40] [Server thread/INFO]: [STDOUT]: 执行 tick 方法
[12:25:40] [Server thread/INFO]: [STDOUT]: 执行 tick 方法
[12:25:40] [Server thread/INFO]: [STDOUT]: 执行 tick 方法
[12:25:40] [Server thread/INFO]: [STDOUT]: 执行 tick 方法
[12:25:40] [Server thread/INFO]: [STDOUT]: 执行 tick 方法
[12:25:40] [Server thread/INFO]: [STDOUT]: 执行 tick 方法
[12:25:40] [Server thread/INFO]: [STDOUT]: 执行 tick 方法
[12:25:40] [Server thread/INFO]: [STDOUT]: 执行 tick 方法
[12:25:40] [Server thread/INFO]: [STDOUT]: 执行 tick 方法
[12:25:40] [Server thread/INFO]: [STDOUT]: 执行 tick 方法
[12:25:40] [Server thread/INFO]: [STDOUT]: 执行 tick 方法
[12:25:40] [Server thread/INFO]: [STDOUT]: 执行 tick 方法
[12:25:40] [Server thread/INFO]: [STDOUT]: 执行 tick 方法
[12:25:40] [Server thread/INFO]: [STDOUT]: 执行 tick 方法
[12:25:40] [Server thread/INFO]: [STDOUT]: 执行 tick 方法
[12:25:40] [Server thread/INFO]: [STDOUT]: 执行 tick 方法
[12:25:40] [Server thread/INFO]: [STDOUT]: 执行 tick 方法
[12:25:40] [Server thread/INFO]: [STDOUT]: 执行 tick 方法
[12:25:40] [Server thread/INFO]: [STDOUT]: 执行 tick 方法
[12:25:40] [Server thread/INFO]: [STDOUT]: 执行 tick 方法
[12:25:40] [Server thread/INFO]: [STDOUT]: 执行 tick 方法
[12:25:40] [Server thread/INFO]: [STDOUT]: 执行 tick 方法
[12:25:40] [Server thread/INFO]: [STDOUT]: 执行 tick 方法
[12:25:40] [Server thread/INFO]: [STDOUT]: 执行 tick 方法
[12:25:40] [Server thread/INFO]: [STDOUT]: 执行 tick 方法
[12:25:40] [Server thread/INFO]: [STDOUT]: 执行 tick 方法
[12:25:40] [Server thread/INFO]: [STDOUT]: 执行 tick 方法
[12:25:40] [Server thread/INFO]: [STDOUT]: 执行 tick 方法
[12:25:41] [Server thread/INFO]: [STDOUT]: 执行 tick 方法
[12:25:41] [Server thread/INFO]: [STDOUT]: 执行 tick 方法
[12:25:41] [Server thread/INFO]: [STDOUT]: 执行 tick 方法
[12:25:41] [Server thread/INFO]: [STDOUT]: 执行 tick 方法
[12:25:41] [Server thread/INFO]: [STDOUT]: 执行 tick 方法
[12:25:41] [Server thread/INFO]: [STDOUT]: 执行 tick 方法
[12:25:41] [Server thread/INFO]: [STDOUT]: 执行 tick 方法
[12:25:41] [Server thread/INFO]: [STDOUT]: 执行 tick 方法
[12:25:41] [Server thread/INFO]: [STDOUT]: 执行 tick 方法
[12:25:41] [Server thread/INFO]: [STDOUT]: 执行 tick 方法
[12:25:41] [Server thread/INFO]: [STDOUT]: 执行 tick 方法
[12:25:41] [Server thread/INFO]: [STDOUT]: 执行 tick 方法
[12:25:41] [Server thread/INFO]: [STDOUT]: 执行 tick 方法
[12:25:41] [Server thread/INFO]: [STDOUT]: 执行 tick 方法
[12:25:41] [Server thread/INFO]: [STDOUT]: 执行 tick 方法
[12:25:41] [Server thread/INFO]: [STDOUT]: 执行 tick 方法
[12:25:41] [Server thread/INFO]: [STDOUT]: 执行 tick 方法
[12:25:41] [Server thread/INFO]: [STDOUT]: 执行 tick 方法
[12:25:41] [Server thread/INFO]: [STDOUT]: 执行 tick 方法
[12:25:41] [Server thread/INFO]: [STDOUT]: 执行 tick 方法
[12:25:41] [Server thread/INFO]: [STDOUT]: 执行 tick 方法
[12:25:41] [Server thread/INFO]: [STDOUT]: 执行 tick 方法
[12:25:41] [Server thread/INFO]: [STDOUT]: 执行 tick 方法
[12:25:41] [Server thread/INFO]: [STDOUT]: 执行 tick 方法
[12:25:41] [Server thread/INFO]: [STDOUT]: 执行 tick 方法
[12:25:41] [Server thread/INFO]: [STDOUT]: 执行 tick 方法
[12:25:41] [Server thread/INFO]: [STDOUT]: 执行 tick 方法
[12:25:41] [Server thread/INFO]: [STDOUT]: 执行 tick 方法
[12:25:41] [Server thread/INFO]: [STDOUT]: 执行 tick 方法
[12:25:41] [Server thread/INFO]: [STDOUT]: 执行 tick 方法
[12:25:41] [Server thread/INFO]: [STDOUT]: 执行 tick 方法
[12:25:41] [Server thread/INFO]: [STDOUT]: 执行 tick 方法
[12:25:41] [Server thread/INFO]: [STDOUT]: 执行 tick 方法
[12:25:41] [Server thread/INFO]: [STDOUT]: 执行 tick 方法
[12:25:41] [Server thread/INFO]: [STDOUT]: 执行 tick 方法
[12:25:41] [Server thread/INFO]: [STDOUT]: 执行 tick 方法
[12:25:41] [Server thread/INFO]: [STDOUT]: 执行 tick 方法
[12:25:41] [Server thread/INFO]: [STDOUT]: 执行 tick 方法
[12:25:41] [Server thread/INFO]: [STDOUT]: 执行 tick 方法
[12:25:41] [Server thread/INFO]: [STDOUT]: 执行 tick 方法
[12:25:41] [Server thread/INFO]: [STDOUT]: 执行 tick 方法
[12:25:41] [Server thread/INFO]: [STDOUT]: 执行 tick 方法
[12:25:41] [Server thread/INFO]: [STDOUT]: 执行 tick 方法
[12:25:41] [Server thread/INFO]: [STDOUT]: 执行 tick 方法
[12:25:41] [Server thread/INFO]: [STDOUT]: 执行 tick 方法
[12:25:41] [Server thread/INFO]: [STDOUT]: 执行 tick 方法
[12:25:41] [Server thread/INFO]: [STDOUT]: 执行 tick 方法
[12:25:41] [Server thread/INFO]: [STDOUT]: 执行 tick 方法
[12:25:41] [Server thread/INFO]: [STDOUT]: 执行 tick 方法
[12:25:41] [Server thread/INFO]: [STDOUT]: 执行 tick 方法
[12:25:41] [Server thread/INFO]: [STDOUT]: 执行 tick 方法
[12:25:41] [Server thread/INFO]: [STDOUT]: 执行 tick 方法
[12:25:41] [Server thread/INFO]: [STDOUT]: 执行 tick 方法
[12:25:41] [Server thread/INFO]: [STDOUT]: 执行 tick 方法
[12:25:41] [Server thread/INFO]: [STDOUT]: 执行 tick 方法
[12:25:41] [Server thread/INFO]: [STDOUT]: 执行 tick 方法
[12:25:41] [Server thread/INFO]: [STDOUT]: 执行 tick 方法
[12:25:41] [Server thread/INFO]: [STDOUT]: 执行 tick 方法
[12:25:41] [Server thread/INFO]: [STDOUT]: 执行 tick 方法
[12:25:41] [Server thread/INFO]: [STDOUT]: 执行 tick 方法
[12:25:41] [Server thread/INFO]: [STDOUT]: 执行 tick 方法
[12:25:41] [Server thread/INFO]: [STDOUT]: 执行 tick 方法
[12:25:41] [Server thread/INFO]: [STDOUT]: 执行 tick 方法
[12:25:41] [Server thread/INFO]: [STDOUT]: 执行 tick 方法
[12:25:41] [Server thread/INFO]: [STDOUT]: 执行 tick 方法
[12:25:41] [Server thread/INFO]: [STDOUT]: 执行 tick 方法
[12:25:41] [Server thread/INFO]: [STDOUT]: 执行 tick 方法
[12:25:41] [Server thread/INFO]: [STDOUT]: 执行 tick 方法
[12:25:41] [Server thread/INFO]: [STDOUT]: 执行 tick 方法
[12:25:41] [Server thread/INFO]: [STDOUT]: 执行 tick 方法
[12:25:41] [Server thread/INFO]: [STDOUT]: 执行 tick 方法
[12:25:41] [Server thread/INFO]: [STDOUT]: 执行 tick 方法
[12:25:41] [Server thread/INFO]: [STDOUT]: 执行 tick 方法
[12:25:41] [Server thread/INFO]: [STDOUT]: 执行 tick 方法
[12:25:41] [Server thread/INFO]: [STDOUT]: 执行 tick 方法
[12:25:41] [Server thread/INFO]: [STDOUT]: 执行 tick 方法
[12:25:41] [Server thread/INFO]: [STDOUT]: 执行 tick 方法
[12:25:41] [Server thread/INFO]: [STDOUT]: 执行 tick 方法
[12:25:41] [Server thread/INFO]: [STDOUT]: 执行 tick 方法
[12:25:41] [Server thread/INFO]: [STDOUT]: 执行 tick 方法
[12:25:42] [Server thread/INFO]: [STDOUT]: 执行 tick 方法
[12:25:42] [Server thread/INFO]: [STDOUT]: 执行 tick 方法
[12:25:42] [Server thread/INFO]: [STDOUT]: 执行 tick 方法
[12:25:42] [Server thread/INFO]: [STDOUT]: 执行 tick 方法
[12:25:42] [Server thread/INFO]: [STDOUT]: 执行 tick 方法
[12:25:42] [Server thread/INFO]: [STDOUT]: 执行 tick 方法
[12:25:42] [Server thread/INFO]: [STDOUT]: 执行 tick 方法
[12:25:42] [Server thread/INFO]: [STDOUT]: 执行 tick 方法
[12:25:42] [Server thread/INFO]: [STDOUT]: 执行 tick 方法
[12:25:42] [Server thread/INFO]: [STDOUT]: 执行 tick 方法
[12:25:42] [Server thread/INFO]: [STDOUT]: 执行 tick 方法
[12:25:42] [Server thread/INFO]: [STDOUT]: 执行 tick 方法
[12:25:42] [Server thread/INFO]: [STDOUT]: 执行 tick 方法
[12:25:42] [Server thread/INFO]: [STDOUT]: 执行 tick 方法
[12:25:42] [Server thread/INFO]: [STDOUT]: 执行 tick 方法
[12:25:42] [Server thread/INFO]: [STDOUT]: 执行 tick 方法
[12:25:42] [Server thread/INFO]: [STDOUT]: 执行 tick 方法
[12:25:42] [Server thread/INFO]: [STDOUT]: 执行 tick 方法
[12:25:42] [Server thread/INFO]: [STDOUT]: 执行 tick 方法
[12:25:42] [Server thread/INFO]: [STDOUT]: 执行 tick 方法
[12:25:42] [Server thread/INFO]: [STDOUT]: 执行 tick 方法
[12:25:42] [Server thread/INFO]: [STDOUT]: 执行 tick 方法
[12:25:42] [Server thread/INFO]: [STDOUT]: 执行 tick 方法
[12:25:42] [Server thread/INFO]: [STDOUT]: 执行 tick 方法
[12:25:42] [Server thread/INFO]: [STDOUT]: 执行 tick 方法
[12:25:42] [Server thread/INFO]: [STDOUT]: 执行 tick 方法
[12:25:42] [Server thread/INFO]: [STDOUT]: 执行 tick 方法
[12:25:42] [Server thread/INFO]: [STDOUT]: 执行 tick 方法
[12:25:42] [Server thread/INFO]: [STDOUT]: 执行 tick 方法
[12:25:42] [Server thread/INFO]: [STDOUT]: 执行 tick 方法
[12:25:42] [Server thread/INFO]: [STDOUT]: 执行 tick 方法
[12:25:42] [Server thread/INFO]: [STDOUT]: 执行 tick 方法
[12:25:42] [Server thread/INFO]: [STDOUT]: 执行 tick 方法
[12:25:42] [Server thread/INFO]: [STDOUT]: 执行 tick 方法
[12:25:42] [Server thread/INFO]: [STDOUT]: 执行 tick 方法
[12:25:42] [Server thread/INFO]: [STDOUT]: 执行 tick 方法
[12:25:42] [Server thread/INFO]: [STDOUT]: 执行 tick 方法
[12:25:42] [Server thread/INFO]: [STDOUT]: 执行 tick 方法
[12:25:42] [Server thread/INFO]: [STDOUT]: 执行 tick 方法
[12:25:42] [Server thread/INFO]: [STDOUT]: 执行 tick 方法
[12:25:42] [Server thread/INFO]: [STDOUT]: 执行 tick 方法
[12:25:42] [Server thread/INFO]: [STDOUT]: 执行 tick 方法
[12:25:42] [Server thread/INFO]: [STDOUT]: 执行 tick 方法
[12:25:42] [Server thread/INFO]: [STDOUT]: 执行 tick 方法
[12:25:42] [Server thread/INFO]: [STDOUT]: 执行 tick 方法
[12:25:42] [Server thread/INFO]: [STDOUT]: 执行 tick 方法
[12:25:42] [Server thread/INFO]: [STDOUT]: 执行 tick 方法
[12:25:42] [Server thread/INFO]: [STDOUT]: 执行 tick 方法
[12:25:42] [Server thread/INFO]: [STDOUT]: 执行 tick 方法
[12:25:42] [Server thread/INFO]: [STDOUT]: 执行 tick 方法
[12:25:42] [Server thread/INFO]: [STDOUT]: 执行 tick 方法
[12:25:42] [Server thread/INFO]: [STDOUT]: 执行 tick 方法
[12:25:42] [Server thread/INFO]: [STDOUT]: 执行 tick 方法
[12:25:42] [Server thread/INFO]: [STDOUT]: 执行 tick 方法
[12:25:42] [Server thread/INFO]: [STDOUT]: 执行 tick 方法
[12:25:42] [Server thread/INFO]: [STDOUT]: 执行 tick 方法
[12:25:42] [Server thread/INFO]: [STDOUT]: 执行 tick 方法
[12:25:42] [Server thread/INFO]: [STDOUT]: 执行 tick 方法
[12:25:42] [Server thread/INFO]: [STDOUT]: 执行 tick 方法
[12:25:42] [Server thread/INFO]: [STDOUT]: 执行 tick 方法
[12:25:42] [Server thread/INFO]: [STDOUT]: 执行 tick 方法
[12:25:42] [Server thread/INFO]: [STDOUT]: 执行 tick 方法
[12:25:42] [Server thread/INFO]: [STDOUT]: 执行 tick 方法
[12:25:42] [Server thread/INFO]: [STDOUT]: 执行 tick 方法
[12:25:42] [Server thread/INFO]: [STDOUT]: 执行 tick 方法
[12:25:42] [Server thread/INFO]: [STDOUT]: 执行 tick 方法
[12:25:42] [Server thread/INFO]: [STDOUT]: 执行 tick 方法
[12:25:42] [Server thread/INFO]: [STDOUT]: 执行 tick 方法
[12:25:42] [Server thread/INFO]: [STDOUT]: 执行 tick 方法
[12:25:42] [Server thread/INFO]: [STDOUT]: 执行 tick 方法
[12:25:42] [Server thread/INFO]: [STDOUT]: 执行 tick 方法
[12:25:42] [Server thread/INFO]: [STDOUT]: 执行 tick 方法
[12:25:42] [Server thread/INFO]: [STDOUT]: 执行 tick 方法
[12:25:42] [Server thread/INFO]: [STDOUT]: 执行 tick 方法
[12:25:42] [Server thread/INFO]: [STDOUT]: 执行 tick 方法
[12:25:42] [Server thread/INFO]: [STDOUT]: 执行 tick 方法
[12:25:42] [Server thread/INFO]: [STDOUT]: 执行 tick 方法
[12:25:42] [Server thread/INFO]: [STDOUT]: 执行 tick 方法
[12:25:42] [Server thread/INFO]: [STDOUT]: 执行 tick 方法
[12:25:42] [Server thread/INFO]: [STDOUT]: 执行 tick 方法
[12:25:42] [Server thread/INFO]: [STDOUT]: 执行 tick 方法
[12:25:42] [Server thread/INFO]: [STDOUT]: 执行 tick 方法
[12:25:42] [Server thread/INFO]: [STDOUT]: 执行 tick 方法
[12:25:42] [Server thread/INFO]: [STDOUT]: 执行 tick 方法
[12:25:42] [Server thread/INFO]: [STDOUT]: 执行 tick 方法
[12:25:42] [Server thread/INFO]: [STDOUT]: 执行 tick 方法
[12:25:42] [Server thread/INFO]: [STDOUT]: 执行 tick 方法
[12:25:42] [Server thread/INFO]: [STDOUT]: 执行 tick 方法
[12:25:42] [Server thread/INFO]: [STDOUT]: 执行 tick 方法
[12:25:42] [Server thread/INFO]: [STDOUT]: 执行 tick 方法
[12:25:42] [Server thread/INFO]: [STDOUT]: 执行 tick 方法
[12:25:42] [Server thread/INFO]: [STDOUT]: 执行 tick 方法
[12:25:42] [Server thread/INFO]: [STDOUT]: 执行 tick 方法
[12:25:42] [Server thread/INFO]: [STDOUT]: 执行 tick 方法
[12:25:42] [Server thread/INFO]: [STDOUT]: 执行 tick 方法
[12:25:42] [Server thread/INFO]: [STDOUT]: 执行 tick 方法
[12:25:42] [Server thread/INFO]: [STDOUT]: 执行 tick 方法
[12:25:43] [Server thread/INFO]: [STDOUT]: 执行 tick 方法
[12:25:43] [Server thread/INFO]: [STDOUT]: 执行 tick 方法
[12:25:43] [Server thread/INFO]: [STDOUT]: 执行 tick 方法
[12:25:43] [Server thread/INFO]: [STDOUT]: 执行 tick 方法
[12:25:43] [Server thread/INFO]: [STDOUT]: 执行 tick 方法
[12:25:43] [Server thread/INFO]: [STDOUT]: 执行 tick 方法
[12:25:43] [Server thread/INFO]: [STDOUT]: 执行 tick 方法
[12:25:43] [Server thread/INFO]: [STDOUT]: 执行 tick 方法
[12:25:43] [Server thread/INFO]: [STDOUT]: 执行 tick 方法
[12:25:43] [Server thread/INFO]: [STDOUT]: 执行 tick 方法
[12:25:43] [Server thread/INFO]: [STDOUT]: 执行 tick 方法
[12:25:43] [Server thread/INFO]: [STDOUT]: 执行 tick 方法
[12:25:43] [Server thread/INFO]: [STDOUT]: 执行 tick 方法
[12:25:43] [Server thread/INFO]: [STDOUT]: 执行 tick 方法
[12:25:43] [Server thread/INFO]: [STDOUT]: 执行 tick 方法
[12:25:43] [Server thread/INFO]: [STDOUT]: 执行 tick 方法
[12:25:43] [Server thread/INFO]: [STDOUT]: 执行 tick 方法
[12:25:43] [Server thread/INFO]: [STDOUT]: 执行 tick 方法
[12:25:43] [Server thread/INFO]: [STDOUT]: 执行 tick 方法
[12:25:43] [Server thread/INFO]: [STDOUT]: 执行 tick 方法
[12:25:43] [Server thread/INFO]: [STDOUT]: 执行 tick 方法
[12:25:43] [Server thread/INFO]: [STDOUT]: 执行 tick 方法
[12:25:43] [Server thread/INFO]: [STDOUT]: 执行 tick 方法
[12:25:43] [Server thread/INFO]: [STDOUT]: 执行 tick 方法
[12:25:43] [Server thread/INFO]: [STDOUT]: 执行 tick 方法
[12:25:43] [Server thread/INFO]: [STDOUT]: 执行 tick 方法
[12:25:43] [Server thread/INFO]: [STDOUT]: 执行 tick 方法
[12:25:43] [Server thread/INFO]: [STDOUT]: 执行 tick 方法
[12:25:43] [Server thread/INFO]: [STDOUT]: 执行 tick 方法
[12:25:43] [Server thread/INFO]: [STDOUT]: 执行 tick 方法
[12:25:43] [Server thread/INFO]: [STDOUT]: 执行 tick 方法
[12:25:43] [Server thread/INFO]: [STDOUT]: 执行 tick 方法
[12:25:43] [Server thread/INFO]: [STDOUT]: 执行 tick 方法
[12:25:43] [Server thread/INFO]: [STDOUT]: 执行 tick 方法
[12:25:43] [Server thread/INFO]: [STDOUT]: 执行 tick 方法
[12:25:43] [Server thread/INFO]: [STDOUT]: 执行 tick 方法
[12:25:43] [Server thread/INFO]: [STDOUT]: 执行 tick 方法
[12:25:43] [Server thread/INFO]: [STDOUT]: 执行 tick 方法
[12:25:43] [Server thread/INFO]: [STDOUT]: 执行 tick 方法
[12:25:43] [Server thread/INFO]: [STDOUT]: 执行 tick 方法
[12:25:43] [Server thread/INFO]: [STDOUT]: 执行 tick 方法
[12:25:43] [Server thread/INFO]: [STDOUT]: 执行 tick 方法
[12:25:43] [Server thread/INFO]: [STDOUT]: 执行 tick 方法
[12:25:43] [Server thread/INFO]: [STDOUT]: 执行 tick 方法
[12:25:43] [Server thread/INFO]: [STDOUT]: 执行 tick 方法
[12:25:43] [Server thread/INFO]: [STDOUT]: 执行 tick 方法
[12:25:43] [Server thread/INFO]: [STDOUT]: 执行 tick 方法
[12:25:43] [Server thread/INFO]: [STDOUT]: 执行 tick 方法
[12:25:43] [Server thread/INFO]: [STDOUT]: 执行 tick 方法
[12:25:43] [Server thread/INFO]: [STDOUT]: 执行 tick 方法
[12:25:43] [Server thread/INFO]: [STDOUT]: 执行 tick 方法
[12:25:43] [Server thread/INFO]: [STDOUT]: 执行 tick 方法
[12:25:43] [Server thread/INFO]: [STDOUT]: 执行 tick 方法
[12:25:43] [Server thread/INFO]: [STDOUT]: 执行 tick 方法
[12:25:43] [Server thread/INFO]: [STDOUT]: 执行 tick 方法
[12:25:43] [Server thread/INFO]: [STDOUT]: 执行 tick 方法
[12:25:43] [Server thread/INFO]: [STDOUT]: 执行 tick 方法
[12:25:43] [Server thread/INFO]: [STDOUT]: 执行 tick 方法
[12:25:43] [Server thread/INFO]: [STDOUT]: 执行 tick 方法
[12:25:43] [Server thread/INFO]: [STDOUT]: 执行 tick 方法
[12:25:43] [Server thread/INFO]: [STDOUT]: 执行 tick 方法
[12:25:43] [Server thread/INFO]: [STDOUT]: 执行 tick 方法
[12:25:43] [Server thread/INFO]: [STDOUT]: 执行 tick 方法
[12:25:43] [Server thread/INFO]: [STDOUT]: 执行 tick 方法
[12:25:43] [Server thread/INFO]: [STDOUT]: 执行 tick 方法
[12:25:43] [Server thread/INFO]: [STDOUT]: 执行 tick 方法
[12:25:43] [Server thread/INFO]: [STDOUT]: 执行 tick 方法
[12:25:43] [Server thread/INFO]: [STDOUT]: 执行 tick 方法
[12:25:43] [Server thread/INFO]: [STDOUT]: 执行 tick 方法
[12:25:43] [Server thread/INFO]: [STDOUT]: 执行 tick 方法
[12:25:43] [Server thread/INFO]: [STDOUT]: 执行 tick 方法
[12:25:43] [Server thread/INFO]: [STDOUT]: 执行 tick 方法
[12:25:43] [Server thread/INFO]: [STDOUT]: 执行 tick 方法
[12:25:43] [Server thread/INFO]: [STDOUT]: 执行 tick 方法
[12:25:43] [Server thread/INFO]: [STDOUT]: 执行 tick 方法
[12:25:43] [Server thread/INFO]: [STDOUT]: 执行 tick 方法
[12:25:43] [Server thread/INFO]: [STDOUT]: 执行 tick 方法
[12:25:43] [Server thread/INFO]: [STDOUT]: 执行 tick 方法
[12:25:43] [Server thread/INFO]: [STDOUT]: 执行 tick 方法
[12:25:43] [Server thread/INFO]: [STDOUT]: 执行 tick 方法
[12:25:43] [Server thread/INFO]: [STDOUT]: 执行 tick 方法
[12:25:43] [Server thread/INFO]: [STDOUT]: 执行 tick 方法
[12:25:43] [Server thread/INFO]: [STDOUT]: 执行 tick 方法
[12:25:43] [Server thread/INFO]: [STDOUT]: 执行 tick 方法
[12:25:43] [Server thread/INFO]: [STDOUT]: 执行 tick 方法
[12:25:43] [Server thread/INFO]: [STDOUT]: 执行 tick 方法
[12:25:43] [Server thread/INFO]: [STDOUT]: 执行 tick 方法
[12:25:43] [Server thread/INFO]: [STDOUT]: 执行 tick 方法
[12:25:43] [Server thread/INFO]: [STDOUT]: 执行 tick 方法
[12:25:43] [Server thread/INFO]: [STDOUT]: 执行 tick 方法
[12:25:43] [Server thread/INFO]: [STDOUT]: 执行 tick 方法
[12:25:43] [Server thread/INFO]: [STDOUT]: 执行 tick 方法
[12:25:43] [Server thread/INFO]: [STDOUT]: 执行 tick 方法
[12:25:43] [Server thread/INFO]: [STDOUT]: 执行 tick 方法
[12:25:44] [Server thread/INFO]: [STDOUT]: 执行 tick 方法
[12:25:44] [Server thread/INFO]: [STDOUT]: 执行 tick 方法
[12:25:44] [Server thread/INFO]: [STDOUT]: 执行 tick 方法
[12:25:44] [Server thread/INFO]: [STDOUT]: 执行 tick 方法
[12:25:44] [Server thread/INFO]: [STDOUT]: 执行 tick 方法
[12:25:44] [Server thread/INFO]: [STDOUT]: 执行 tick 方法
[12:25:44] [Server thread/INFO]: [STDOUT]: 执行 tick 方法
[12:25:44] [Server thread/INFO]: [STDOUT]: 执行 tick 方法
[12:25:44] [Server thread/INFO]: [STDOUT]: 执行 tick 方法
[12:25:44] [Server thread/INFO]: [STDOUT]: 执行 tick 方法
[12:25:44] [Server thread/INFO]: [STDOUT]: 执行 tick 方法
[12:25:44] [Server thread/INFO]: [STDOUT]: 执行 tick 方法
[12:25:44] [Server thread/INFO]: [STDOUT]: 执行 tick 方法
[12:25:44] [Server thread/INFO]: [STDOUT]: 执行 tick 方法
[12:25:44] [Server thread/INFO]: [STDOUT]: 执行 tick 方法
[12:25:44] [Server thread/INFO]: [STDOUT]: 执行 tick 方法
[12:25:44] [Server thread/INFO]: [STDOUT]: 执行 tick 方法
[12:25:44] [Server thread/INFO]: [STDOUT]: 执行 tick 方法
[12:25:44] [Server thread/INFO]: [STDOUT]: 执行 tick 方法
[12:25:44] [Server thread/INFO]: [STDOUT]: 执行 tick 方法
[12:25:44] [Server thread/INFO]: [STDOUT]: 执行 tick 方法
[12:25:44] [Server thread/INFO]: [STDOUT]: 执行 tick 方法
[12:25:44] [Server thread/INFO]: [STDOUT]: 执行 tick 方法
[12:25:44] [Server thread/INFO]: [STDOUT]: 执行 tick 方法
[12:25:44] [Server thread/INFO]: [STDOUT]: 执行 tick 方法
[12:25:44] [Server thread/INFO]: [STDOUT]: 执行 tick 方法
[12:25:44] [Server thread/INFO]: [STDOUT]: 执行 tick 方法
[12:25:44] [Server thread/INFO]: [STDOUT]: 执行 tick 方法
[12:25:44] [Server thread/INFO]: [STDOUT]: 执行 tick 方法
[12:25:44] [Server thread/INFO]: [STDOUT]: 执行 tick 方法
[12:25:44] [Server thread/INFO]: [STDOUT]: 执行 tick 方法
[12:25:44] [Server thread/INFO]: [STDOUT]: 执行 tick 方法
[12:25:44] [Server thread/INFO]: [STDOUT]: 执行 tick 方法
[12:25:44] [Server thread/INFO]: [STDOUT]: 执行 tick 方法
[12:25:44] [Server thread/INFO]: [STDOUT]: 执行 tick 方法
[12:25:44] [Server thread/INFO]: [STDOUT]: 执行 tick 方法
[12:25:44] [Server thread/INFO]: [STDOUT]: 执行 tick 方法
[12:25:44] [Server thread/INFO]: [STDOUT]: 执行 tick 方法
[12:25:44] [Server thread/INFO]: [STDOUT]: 执行 tick 方法
[12:25:44] [Server thread/INFO]: [STDOUT]: 执行 tick 方法
[12:25:44] [Server thread/INFO]: [STDOUT]: 执行 tick 方法
[12:25:44] [Server thread/INFO]: [STDOUT]: 执行 tick 方法
[12:25:44] [Server thread/INFO]: [STDOUT]: 执行 tick 方法
[12:25:44] [Server thread/INFO]: [STDOUT]: 执行 tick 方法
[12:25:44] [Server thread/INFO]: [STDOUT]: 执行 tick 方法
[12:25:44] [Server thread/INFO]: [STDOUT]: 执行 tick 方法
[12:25:44] [Server thread/INFO]: [STDOUT]: 执行 tick 方法
[12:25:44] [Server thread/INFO]: [STDOUT]: 执行 tick 方法
[12:25:44] [Server thread/INFO]: [STDOUT]: 执行 tick 方法
[12:25:44] [Server thread/INFO]: [STDOUT]: 执行 tick 方法
[12:25:44] [Server thread/INFO]: [STDOUT]: 执行 tick 方法
[12:25:44] [Server thread/INFO]: [STDOUT]: 执行 tick 方法
[12:25:44] [Server thread/INFO]: [STDOUT]: 执行 tick 方法
[12:25:44] [Server thread/INFO]: [STDOUT]: 执行 tick 方法
[12:25:44] [Server thread/INFO]: [STDOUT]: 执行 tick 方法
[12:25:44] [Server thread/INFO]: [STDOUT]: 执行 tick 方法
[12:25:44] [Server thread/INFO]: [STDOUT]: 执行 tick 方法
[12:25:44] [Server thread/INFO]: [STDOUT]: 执行 tick 方法
[12:25:44] [Server thread/INFO]: [STDOUT]: 执行 tick 方法
[12:25:44] [Server thread/INFO]: [STDOUT]: 执行 tick 方法
[12:25:44] [Server thread/INFO]: [STDOUT]: 执行 tick 方法
[12:25:44] [Server thread/INFO]: [STDOUT]: 执行 tick 方法
[12:25:44] [Server thread/INFO]: [STDOUT]: 执行 tick 方法
[12:25:44] [Server thread/INFO]: [STDOUT]: 执行 tick 方法
[12:25:44] [Server thread/INFO]: [STDOUT]: 执行 tick 方法
[12:25:44] [Server thread/INFO]: [STDOUT]: 执行 tick 方法
[12:25:44] [Server thread/INFO]: [STDOUT]: 执行 tick 方法
[12:25:44] [Server thread/INFO]: [STDOUT]: 执行 tick 方法
[12:25:44] [Server thread/INFO]: [STDOUT]: 执行 tick 方法
[12:25:44] [Server thread/INFO]: [STDOUT]: 执行 tick 方法
[12:25:44] [Server thread/INFO]: [STDOUT]: 执行 tick 方法
[12:25:44] [Server thread/INFO]: [STDOUT]: 执行 tick 方法
[12:25:44] [Server thread/INFO]: [STDOUT]: 执行 tick 方法
[12:25:44] [Server thread/INFO]: [STDOUT]: 执行 tick 方法
[12:25:44] [Server thread/INFO]: [STDOUT]: 执行 tick 方法
[12:25:45] [Server thread/INFO]: [STDOUT]: 执行 tick 方法
[12:25:45] [Server thread/INFO]: [STDOUT]: 执行 tick 方法
[12:25:45] [Server thread/INFO]: [STDOUT]: 执行 tick 方法
[12:25:45] [Server thread/INFO]: [STDOUT]: 执行 tick 方法
[12:25:45] [Server thread/INFO]: [STDOUT]: 执行 tick 方法
[12:25:45] [Server thread/INFO]: [STDOUT]: 执行 tick 方法
[12:25:45] [Server thread/INFO]: [STDOUT]: 执行 tick 方法
[12:25:45] [Server thread/INFO]: [STDOUT]: 执行 tick 方法
[12:25:45] [Server thread/INFO]: [STDOUT]: 执行 tick 方法
[12:25:45] [Server thread/INFO]: [STDOUT]: 执行 tick 方法
[12:25:45] [Server thread/INFO]: [STDOUT]: 执行 tick 方法
[12:25:45] [Server thread/INFO]: [STDOUT]: 执行 tick 方法
[12:25:45] [Server thread/INFO]: [STDOUT]: 执行 tick 方法
[12:25:45] [Server thread/INFO]: [STDOUT]: 执行 tick 方法
[12:25:45] [Server thread/INFO]: [STDOUT]: 执行 tick 方法
[12:25:45] [Server thread/INFO]: [STDOUT]: 执行 tick 方法
[12:25:45] [Server thread/INFO]: [STDOUT]: 执行 tick 方法
[12:25:45] [Server thread/INFO]: [STDOUT]: 执行 tick 方法
[12:25:45] [Server thread/INFO]: [STDOUT]: 执行 tick 方法
[12:25:45] [Server thread/INFO]: [STDOUT]: 执行 tick 方法
[12:25:45] [Server thread/INFO]: [STDOUT]: 执行 tick 方法
[12:25:45] [Server thread/INFO]: [STDOUT]: 执行 tick 方法
[12:25:45] [Server thread/INFO]: [STDOUT]: 执行 tick 方法
[12:25:45] [Server thread/INFO]: [STDOUT]: 执行 tick 方法
[12:25:45] [Server thread/INFO]: [STDOUT]: 执行 tick 方法
[12:25:45] [Server thread/INFO]: [STDOUT]: 执行 tick 方法
[12:25:45] [Server thread/INFO]: [STDOUT]: 执行 tick 方法
[12:25:45] [Server thread/INFO]: [STDOUT]: 执行 tick 方法
[12:25:45] [Server thread/INFO]: [STDOUT]: 执行 tick 方法
[12:25:45] [Server thread/INFO]: [STDOUT]: 执行 tick 方法
[12:25:45] [Server thread/INFO]: [STDOUT]: 执行 tick 方法
[12:25:45] [Server thread/INFO]: [STDOUT]: 执行 tick 方法
[12:25:45] [Server thread/INFO]: [STDOUT]: 执行 tick 方法
[12:25:45] [Server thread/INFO]: [STDOUT]: 执行 tick 方法
[12:25:45] [Server thread/INFO]: [STDOUT]: 执行 tick 方法
[12:25:45] [Server thread/INFO]: [STDOUT]: 执行 tick 方法
[12:25:45] [Server thread/INFO]: [STDOUT]: 执行 tick 方法
[12:25:45] [Server thread/INFO]: [STDOUT]: 执行 tick 方法
[12:25:45] [Server thread/INFO]: [STDOUT]: 执行 tick 方法
[12:25:45] [Server thread/INFO]: [STDOUT]: 执行 tick 方法
[12:25:45] [Server thread/INFO]: [STDOUT]: 执行 tick 方法
[12:25:45] [Server thread/INFO]: [STDOUT]: 执行 tick 方法
[12:25:45] [Server thread/INFO]: [STDOUT]: 执行 tick 方法
[12:25:45] [Server thread/INFO]: [STDOUT]: 执行 tick 方法
[12:25:45] [Server thread/INFO]: [STDOUT]: 执行 tick 方法
[12:25:45] [Server thread/INFO]: [STDOUT]: 执行 tick 方法
[12:25:45] [Server thread/INFO]: [STDOUT]: 执行 tick 方法
[12:25:45] [Server thread/INFO]: [STDOUT]: 执行 tick 方法
[12:25:45] [Server thread/INFO]: [STDOUT]: 执行 tick 方法
[12:25:45] [Server thread/INFO]: [STDOUT]: 执行 tick 方法
[12:25:45] [Server thread/INFO]: [STDOUT]: 执行 tick 方法
[12:25:45] [Server thread/INFO]: [STDOUT]: 执行 tick 方法
[12:25:45] [Server thread/INFO]: [STDOUT]: 执行 tick 方法
[12:25:45] [Server thread/INFO]: [STDOUT]: 执行 tick 方法
[12:25:45] [Server thread/INFO]: [STDOUT]: 执行 tick 方法
[12:25:45] [Server thread/INFO]: [STDOUT]: 执行 tick 方法
[12:25:45] [Server thread/INFO]: [STDOUT]: 执行 tick 方法
[12:25:45] [Server thread/INFO]: [STDOUT]: 执行 tick 方法
[12:25:45] [Server thread/INFO]: [STDOUT]: 执行 tick 方法
[12:25:45] [Server thread/INFO]: [STDOUT]: 执行 tick 方法
[12:25:45] [Server thread/INFO]: [STDOUT]: 执行 tick 方法
[12:25:45] [Server thread/INFO]: [STDOUT]: 执行 tick 方法
[12:25:45] [Server thread/INFO]: [STDOUT]: 执行 tick 方法
[12:25:45] [Server thread/INFO]: [STDOUT]: 执行 tick 方法
[12:25:45] [Server thread/INFO]: [STDOUT]: 执行 tick 方法
[12:25:45] [Server thread/INFO]: [STDOUT]: 执行 tick 方法
[12:25:45] [Server thread/INFO]: [STDOUT]: 执行 tick 方法
[12:25:45] [Server thread/INFO]: [STDOUT]: 执行 tick 方法
[12:25:45] [Server thread/INFO]: [STDOUT]: 执行 tick 方法
[12:25:45] [Server thread/INFO]: [STDOUT]: 执行 tick 方法
[12:25:45] [Server thread/INFO]: [STDOUT]: 执行 tick 方法
[12:25:45] [Server thread/INFO]: [STDOUT]: 执行 tick 方法
[12:25:45] [Server thread/INFO]: [STDOUT]: 执行 tick 方法
[12:25:45] [Server thread/INFO]: [STDOUT]: 执行 tick 方法
[12:25:45] [Server thread/INFO]: [STDOUT]: 执行 tick 方法
[12:25:46] [Server thread/INFO]: [STDOUT]: 执行 tick 方法
[12:25:46] [Server thread/INFO]: [STDOUT]: 执行 tick 方法
[12:25:46] [Server thread/INFO]: [STDOUT]: 执行 tick 方法
[12:25:46] [Server thread/INFO]: [STDOUT]: 执行 tick 方法
[12:25:46] [Server thread/INFO]: [STDOUT]: 执行 tick 方法
[12:25:46] [Server thread/INFO]: [STDOUT]: 执行 tick 方法
[12:25:46] [Server thread/INFO]: [STDOUT]: 执行 tick 方法
[12:25:46] [Server thread/INFO]: [STDOUT]: 执行 tick 方法
[12:25:46] [Server thread/INFO]: [STDOUT]: 执行 tick 方法
[12:25:46] [Server thread/INFO]: [STDOUT]: 执行 tick 方法
[12:25:46] [Server thread/INFO]: [STDOUT]: 执行 tick 方法
[12:25:46] [Server thread/INFO]: [STDOUT]: 执行 tick 方法
[12:25:46] [Server thread/INFO]: [STDOUT]: 执行 tick 方法
[12:25:46] [Server thread/INFO]: [STDOUT]: 执行 tick 方法
[12:25:46] [Server thread/INFO]: [STDOUT]: 执行 tick 方法
[12:25:46] [Server thread/INFO]: [STDOUT]: 执行 tick 方法
[12:25:46] [Server thread/INFO]: [STDOUT]: 执行 tick 方法
[12:25:46] [Server thread/INFO]: [STDOUT]: 执行 tick 方法
[12:25:46] [Server thread/INFO]: [STDOUT]: 执行 tick 方法
[12:25:46] [Server thread/INFO]: [STDOUT]: 执行 tick 方法
[12:25:46] [Server thread/INFO]: [STDOUT]: 执行 tick 方法
[12:25:46] [Server thread/INFO]: [STDOUT]: 执行 tick 方法
[12:25:46] [Server thread/INFO]: [STDOUT]: 执行 tick 方法
[12:25:46] [Server thread/INFO]: [STDOUT]: 执行 tick 方法
[12:25:46] [Server thread/INFO]: [STDOUT]: 执行 tick 方法
[12:25:46] [Server thread/INFO]: [STDOUT]: 执行 tick 方法
[12:25:46] [Server thread/INFO]: [STDOUT]: 执行 tick 方法
[12:25:46] [Server thread/INFO]: [STDOUT]: 执行 tick 方法
[12:25:46] [Server thread/INFO]: [STDOUT]: 执行 tick 方法
[12:25:46] [Server thread/INFO]: [STDOUT]: 执行 tick 方法
[12:25:46] [Server thread/INFO]: [STDOUT]: 执行 tick 方法
[12:25:46] [Server thread/INFO]: [STDOUT]: 执行 tick 方法
[12:25:46] [Server thread/INFO]: [STDOUT]: 执行 tick 方法
[12:25:46] [Server thread/INFO]: [STDOUT]: 执行 tick 方法
[12:25:46] [Server thread/INFO]: [STDOUT]: 执行 tick 方法
[12:25:46] [Server thread/INFO]: [STDOUT]: 执行 tick 方法
[12:25:46] [Server thread/INFO]: [STDOUT]: 执行 tick 方法
[12:25:46] [Server thread/INFO]: [STDOUT]: 执行 tick 方法
[12:25:46] [Server thread/INFO]: [STDOUT]: 执行 tick 方法
[12:25:46] [Server thread/INFO]: [STDOUT]: 执行 tick 方法
[12:25:46] [Server thread/INFO]: [STDOUT]: 执行 tick 方法
[12:25:46] [Server thread/INFO]: [STDOUT]: 执行 tick 方法
[12:25:46] [Server thread/INFO]: [STDOUT]: 执行 tick 方法
[12:25:46] [Server thread/INFO]: [STDOUT]: 执行 tick 方法
[12:25:46] [Server thread/INFO]: [STDOUT]: 执行 tick 方法
[12:25:46] [Server thread/INFO]: [STDOUT]: 执行 tick 方法
[12:25:46] [Server thread/INFO]: [STDOUT]: 执行 tick 方法
[12:25:46] [Server thread/INFO]: [STDOUT]: 执行 tick 方法
[12:25:46] [Server thread/INFO]: [STDOUT]: 执行 tick 方法
[12:25:46] [Server thread/INFO]: [STDOUT]: 执行 tick 方法
[12:25:46] [Server thread/INFO]: [STDOUT]: 执行 tick 方法
[12:25:46] [Server thread/INFO]: [STDOUT]: 执行 tick 方法
[12:25:46] [Server thread/INFO]: [STDOUT]: 执行 tick 方法
[12:25:46] [Server thread/INFO]: [STDOUT]: 执行 tick 方法
[12:25:46] [Server thread/INFO]: [STDOUT]: 执行 tick 方法
[12:25:46] [Server thread/INFO]: [STDOUT]: 执行 tick 方法
[12:25:46] [Server thread/INFO]: [STDOUT]: 执行 tick 方法
[12:25:46] [Server thread/INFO]: [STDOUT]: 执行 tick 方法
[12:25:46] [Server thread/INFO]: [STDOUT]: 执行 tick 方法
[12:25:46] [Server thread/INFO]: [STDOUT]: 执行 tick 方法
[12:25:46] [Server thread/INFO]: [STDOUT]: 执行 tick 方法
[12:25:46] [Server thread/INFO]: [STDOUT]: 执行 tick 方法
[12:25:46] [Server thread/INFO]: [STDOUT]: 执行 tick 方法
[12:25:46] [Server thread/INFO]: [STDOUT]: 执行 tick 方法
[12:25:46] [Server thread/INFO]: [STDOUT]: 执行 tick 方法
[12:25:46] [Server thread/INFO]: [STDOUT]: 执行 tick 方法
[12:25:46] [Server thread/INFO]: [STDOUT]: 执行 tick 方法
[12:25:46] [Server thread/INFO]: [STDOUT]: 执行 tick 方法
[12:25:46] [Server thread/INFO]: [STDOUT]: 执行 tick 方法
[12:25:46] [Server thread/INFO]: [STDOUT]: 执行 tick 方法
[12:25:47] [Server thread/INFO]: [STDOUT]: 执行 tick 方法
[12:25:47] [Server thread/INFO]: [STDOUT]: 执行 tick 方法
[12:25:47] [Server thread/INFO]: [STDOUT]: 执行 tick 方法
[12:25:47] [Server thread/INFO]: [STDOUT]: 执行 tick 方法
[12:25:47] [Server thread/INFO]: [STDOUT]: 执行 tick 方法
[12:25:47] [Server thread/INFO]: [STDOUT]: 执行 tick 方法
[12:25:47] [Server thread/INFO]: [STDOUT]: 执行 tick 方法
[12:25:47] [Server thread/INFO]: [STDOUT]: 执行 tick 方法
[12:25:47] [Server thread/INFO]: [STDOUT]: 执行 tick 方法
[12:25:47] [Server thread/INFO]: [STDOUT]: 执行 tick 方法
[12:25:47] [Server thread/INFO]: [STDOUT]: 执行 tick 方法
[12:25:47] [Server thread/INFO]: [STDOUT]: 执行 tick 方法
[12:25:47] [Server thread/INFO]: [STDOUT]: 执行 tick 方法
[12:25:47] [Server thread/INFO]: [STDOUT]: 执行 tick 方法
[12:25:47] [Server thread/INFO]: [STDOUT]: 执行 tick 方法
[12:25:47] [Server thread/INFO]: [STDOUT]: 执行 tick 方法
[12:25:47] [Server thread/INFO]: [STDOUT]: 执行 tick 方法
[12:25:47] [Server thread/INFO]: [STDOUT]: 执行 tick 方法
[12:25:47] [Server thread/INFO]: [STDOUT]: 执行 tick 方法
[12:25:47] [Server thread/INFO]: [STDOUT]: 执行 tick 方法
[12:25:47] [Server thread/INFO]: [STDOUT]: 执行 tick 方法
[12:25:47] [Server thread/INFO]: [STDOUT]: 执行 tick 方法
[12:25:47] [Server thread/INFO]: [STDOUT]: 执行 tick 方法
[12:25:47] [Server thread/INFO]: [STDOUT]: 执行 tick 方法
[12:25:47] [Server thread/INFO]: [STDOUT]: 执行 tick 方法
[12:25:47] [Server thread/INFO]: [STDOUT]: 执行 tick 方法
[12:25:47] [Server thread/INFO]: [STDOUT]: 执行 tick 方法
[12:25:47] [Server thread/INFO]: [STDOUT]: 执行 tick 方法
[12:25:47] [Server thread/INFO]: [STDOUT]: 执行 tick 方法
[12:25:48] [Server thread/INFO]: [STDOUT]: 执行 tick 方法
[12:25:48] [Server thread/INFO]: [STDOUT]: 执行 tick 方法
[12:25:48] [Server thread/INFO]: [STDOUT]: 执行 tick 方法
[12:25:48] [Server thread/INFO]: [STDOUT]: 执行 tick 方法
[12:25:48] [Server thread/INFO]: [STDOUT]: 执行 tick 方法
[12:25:48] [Server thread/INFO]: [STDOUT]: 执行 tick 方法
[12:25:48] [Server thread/INFO]: [STDOUT]: 执行 tick 方法
[12:25:48] [Server thread/INFO]: [STDOUT]: 执行 tick 方法
[12:25:48] [Server thread/INFO]: [STDOUT]: 执行 tick 方法
[12:25:48] [Server thread/INFO]: [STDOUT]: 执行 tick 方法
[12:25:48] [Server thread/INFO]: [STDOUT]: 执行 tick 方法
[12:25:48] [Server thread/INFO]: [STDOUT]: 执行 tick 方法
[12:25:48] [Server thread/INFO]: [STDOUT]: 执行 tick 方法
[12:25:48] [Server thread/INFO]: [STDOUT]: 执行 tick 方法
[12:25:48] [Server thread/INFO]: [STDOUT]: 执行 tick 方法
[12:25:48] [Server thread/INFO]: [STDOUT]: 执行 tick 方法
[12:25:48] [Server thread/INFO]: [STDOUT]: 执行 tick 方法
[12:25:48] [Server thread/INFO]: [STDOUT]: 执行 tick 方法
[12:25:48] [Server thread/INFO]: [STDOUT]: 执行 tick 方法
[12:25:48] [Server thread/INFO]: [STDOUT]: 执行 tick 方法
[12:25:48] [Server thread/INFO]: [STDOUT]: 执行 tick 方法
[12:25:48] [Server thread/INFO]: [STDOUT]: 执行 tick 方法
[12:25:48] [Server thread/INFO]: [STDOUT]: 执行 tick 方法
[12:25:48] [Server thread/INFO]: [STDOUT]: 执行 tick 方法
[12:25:48] [Server thread/INFO]: [STDOUT]: 执行 tick 方法
[12:25:48] [Server thread/INFO]: [STDOUT]: 执行 tick 方法
[12:25:48] [Server thread/INFO]: [STDOUT]: 执行 tick 方法
[12:25:48] [Server thread/INFO]: [STDOUT]: 执行 tick 方法
[12:25:49] [Server thread/INFO]: [STDOUT]: 执行 tick 方法
[12:25:49] [Server thread/INFO]: [STDOUT]: 执行 tick 方法
[12:25:49] [Server thread/INFO]: [STDOUT]: 执行 tick 方法
[12:25:49] [Server thread/INFO]: [STDOUT]: 执行 tick 方法
[12:25:49] [Server thread/INFO]: [STDOUT]: 执行 tick 方法
[12:25:49] [Server thread/INFO]: [STDOUT]: 执行 tick 方法
[12:25:49] [Server thread/INFO]: [STDOUT]: 执行 tick 方法
[12:25:49] [Server thread/INFO]: [STDOUT]: 执行 tick 方法
[12:25:49] [Server thread/INFO]: [STDOUT]: 执行 tick 方法
[12:25:49] [Server thread/INFO]: [STDOUT]: 执行 tick 方法
[12:25:49] [Server thread/INFO]: [STDOUT]: 执行 tick 方法
[12:25:49] [Server thread/INFO]: [STDOUT]: 执行 tick 方法
[12:25:49] [Server thread/INFO]: [STDOUT]: 执行 tick 方法
[12:25:49] [Server thread/INFO]: [STDOUT]: 执行 tick 方法
[12:25:49] [Server thread/INFO]: [STDOUT]: 执行 tick 方法
[12:25:49] [Server thread/INFO]: [STDOUT]: 执行 tick 方法
[12:25:49] [Server thread/INFO]: [STDOUT]: 执行 tick 方法
[12:25:49] [Server thread/INFO]: [STDOUT]: 执行 tick 方法
[12:25:49] [Server thread/INFO]: [STDOUT]: 执行 tick 方法
[12:25:49] [Server thread/INFO]: [STDOUT]: 执行 tick 方法
[12:25:49] [Server thread/INFO]: [STDOUT]: 执行 tick 方法
[12:25:49] [Server thread/INFO]: [STDOUT]: 执行 tick 方法
[12:25:49] [Server thread/INFO]: [STDOUT]: 执行 tick 方法
[12:25:49] [Server thread/INFO]: [STDOUT]: 执行 tick 方法
[12:25:49] [Server thread/INFO]: [STDOUT]: 执行 tick 方法
[12:25:49] [Server thread/INFO]: [STDOUT]: 执行 tick 方法
[12:25:49] [Server thread/INFO]: [STDOUT]: 执行 tick 方法
[12:25:49] [Server thread/INFO]: [STDOUT]: 执行 tick 方法
[12:25:49] [Server thread/INFO]: [STDOUT]: 执行 tick 方法
[12:25:49] [Server thread/INFO]: [STDOUT]: 执行 tick 方法
[12:25:49] [Server thread/INFO]: [STDOUT]: 执行 tick 方法
[12:25:49] [Server thread/INFO]: [STDOUT]: 执行 tick 方法
[12:25:50] [Server thread/INFO]: [STDOUT]: 执行 tick 方法
[12:25:50] [Server thread/INFO]: [STDOUT]: 执行 tick 方法
[12:25:50] [Server thread/INFO]: [STDOUT]: 执行 tick 方法
[12:25:50] [Server thread/INFO]: [STDOUT]: 执行 tick 方法
[12:25:50] [Server thread/INFO]: [STDOUT]: 执行 tick 方法
[12:25:50] [Server thread/INFO]: [STDOUT]: 执行 tick 方法
[12:25:50] [Server thread/INFO]: [STDOUT]: 执行 tick 方法
[12:25:50] [Server thread/INFO]: [STDOUT]: 执行 tick 方法
[12:25:50] [Server thread/INFO]: [STDOUT]: 执行 tick 方法
[12:25:50] [Server thread/INFO]: [STDOUT]: 执行 tick 方法
[12:25:50] [Server thread/INFO]: [STDOUT]: 执行 tick 方法
[12:25:50] [Server thread/INFO]: [STDOUT]: 执行 tick 方法
[12:25:50] [Server thread/INFO]: [STDOUT]: 执行 tick 方法
[12:25:50] [Server thread/INFO]: [STDOUT]: 执行 tick 方法
[12:25:50] [Server thread/INFO]: [STDOUT]: 执行 tick 方法
[12:25:50] [Server thread/INFO]: [STDOUT]: 执行 tick 方法
[12:25:50] [Server thread/INFO]: [STDOUT]: 执行 tick 方法
[12:25:50] [Server thread/INFO]: [STDOUT]: 执行 tick 方法
[12:25:50] [Server thread/INFO]: [STDOUT]: 执行 tick 方法
[12:25:50] [Server thread/INFO]: [STDOUT]: 执行 tick 方法
[12:25:50] [Server thread/INFO]: [STDOUT]: 执行 tick 方法
[12:25:50] [Server thread/INFO]: [STDOUT]: 执行 tick 方法
[12:25:50] [Server thread/INFO]: [STDOUT]: 执行 tick 方法
[12:25:50] [Server thread/INFO]: [STDOUT]: 执行 tick 方法
[12:25:50] [Server thread/INFO]: [STDOUT]: 执行 tick 方法
[12:25:51] [Server thread/INFO]: [STDOUT]: 执行 tick 方法
[12:25:51] [Server thread/INFO]: [STDOUT]: 执行 tick 方法
[12:25:51] [Server thread/INFO]: [STDOUT]: 执行 tick 方法
[12:25:51] [Server thread/INFO]: [STDOUT]: 执行 tick 方法
[12:25:51] [Server thread/INFO]: [STDOUT]: 执行 tick 方法
[12:25:51] [Server thread/INFO]: [STDOUT]: 执行 tick 方法
[12:25:51] [Server thread/INFO]: [STDOUT]: 执行 tick 方法
[12:25:51] [Server thread/INFO]: [STDOUT]: 执行 tick 方法
[12:25:51] [Server thread/INFO]: [STDOUT]: 执行 tick 方法
[12:25:51] [Server thread/INFO]: [STDOUT]: 执行 tick 方法
[12:25:51] [Server thread/INFO]: [STDOUT]: 执行 tick 方法
[12:25:51] [Server thread/INFO]: [STDOUT]: 执行 tick 方法
[12:25:51] [Server thread/INFO]: [STDOUT]: 执行 tick 方法
[12:25:51] [Server thread/INFO]: [STDOUT]: 执行 tick 方法
[12:25:51] [Server thread/INFO]: [STDOUT]: 执行 tick 方法
[12:25:51] [Server thread/INFO]: [STDOUT]: 执行 tick 方法
[12:25:51] [Server thread/INFO]: [STDOUT]: 执行 tick 方法
[12:25:51] [Server thread/INFO]: [STDOUT]: 执行 tick 方法
[12:25:51] [Server thread/INFO]: [STDOUT]: 执行 tick 方法
[12:25:51] [Server thread/INFO]: [STDOUT]: 执行 tick 方法
[12:25:52] [Server thread/INFO]: [STDOUT]: 执行 tick 方法
[12:25:52] [Server thread/INFO]: [STDOUT]: 执行 tick 方法
[12:25:52] [Server thread/INFO]: [STDOUT]: 执行 tick 方法
[12:25:53] [Server thread/INFO]: [STDOUT]: 执行 tick 方法
[12:25:53] [Server thread/INFO]: [STDOUT]: 执行 tick 方法
[12:25:57] [Server thread/INFO]: [STDOUT]: 执行 tick 方法
[12:25:57] [Server thread/INFO]: [STDOUT]: 执行 tick 方法
[12:25:58] [Server thread/INFO]: [STDOUT]: 执行 tick 方法
[12:25:58] [Server thread/INFO]: [STDOUT]: 执行 tick 方法
[12:25:58] [Server thread/INFO]: [STDOUT]: 执行 tick 方法
[12:25:58] [Server thread/INFO]: [STDOUT]: 执行 tick 方法
[12:25:59] [Server thread/INFO]: [STDOUT]: 执行 tick 方法
[12:25:59] [Server thread/INFO]: [STDOUT]: 执行 tick 方法
[12:25:59] [Server thread/INFO]: [STDOUT]: 执行 tick 方法
[12:25:59] [Server thread/INFO]: [STDOUT]: 执行 tick 方法
[12:26:00] [Server thread/INFO]: [STDOUT]: 执行 tick 方法
[12:26:00] [Server thread/INFO]: [STDOUT]: 执行 tick 方法
[12:26:00] [Server thread/INFO]: [STDOUT]: 执行 tick 方法
[12:26:00] [Server thread/INFO]: [STDOUT]: 执行 tick 方法
[12:26:01] [Server thread/INFO]: [STDOUT]: 执行 tick 方法
[12:26:01] [Server thread/INFO]: [STDOUT]: 执行 tick 方法
[12:26:01] [Server thread/INFO]: [STDOUT]: 执行 tick 方法
[12:26:02] [Server thread/INFO]: [STDOUT]: 执行 tick 方法
[12:26:02] [Server thread/INFO]: [STDOUT]: 执行 tick 方法
[12:26:02] [Server thread/INFO]: [STDOUT]: 执行 tick 方法
[12:26:02] [Server thread/INFO]: [STDOUT]: 执行 tick 方法
[12:26:02] [Server thread/INFO]: [STDOUT]: 执行 tick 方法
[12:26:03] [Server thread/INFO]: [STDOUT]: 执行 tick 方法
[12:26:03] [Server thread/INFO]: [STDOUT]: 执行 tick 方法
[12:26:03] [Server thread/INFO]: [STDOUT]: 执行 tick 方法
[12:26:03] [Server thread/INFO]: [STDOUT]: 执行 tick 方法
[12:26:04] [Server thread/INFO]: [STDOUT]: 执行 tick 方法
[12:26:04] [Server thread/INFO]: [STDOUT]: 执行 tick 方法
[12:26:04] [Server thread/INFO]: [STDOUT]: 执行 tick 方法
[12:26:05] [Server thread/INFO]: [STDOUT]: 执行 tick 方法
[12:26:05] [Server thread/INFO]: [STDOUT]: 执行 tick 方法
[12:26:05] [Server thread/INFO]: [STDOUT]: 执行 tick 方法
[12:26:06] [Server thread/INFO]: [STDOUT]: 执行 tick 方法
[12:26:07] [Server thread/INFO]: [STDOUT]: 执行 tick 方法
[12:26:15] [Server thread/WARN]: Scarlet Biplane (vehicle of Flero114) moved too quickly! -10.551981763254616,0.8596841524906438,2.6142179755854613
[12:26:15] [Server thread/WARN]: Scarlet Biplane (vehicle of Flero114) moved too quickly! -11.608525090421196,0.9461686247655337,2.873922839779425
[12:26:15] [Server thread/WARN]: Scarlet Biplane (vehicle of Flero114) moved too quickly! -12.665246006161066,1.0327992260084784,3.1334121046704695
[12:26:15] [Server thread/WARN]: Scarlet Biplane (vehicle of Flero114) moved too quickly! -13.72212741040294,1.1195895877757778,3.392711194562253
[12:26:15] [Server thread/WARN]: Scarlet Biplane (vehicle of Flero114) moved too quickly! -14.779151721386292,1.2065534597234944,3.651845654251929
[12:26:15] [Server thread/WARN]: Scarlet Biplane (vehicle of Flero114) moved too quickly! -15.836301630376138,1.2937047627093818,3.910841120793293
[12:26:15] [Server thread/WARN]: Scarlet Biplane (vehicle of Flero114) moved too quickly! -16.893560155336928,1.3810575732961752,4.169723272423653
[12:26:15] [Server thread/WARN]: Scarlet Biplane (vehicle of Flero114) moved too quickly! -17.950970947783684,1.4686260035492182,4.428263083751972
[12:26:15] [Server thread/WARN]: Scarlet Biplane (vehicle of Flero114) moved too quickly! -19.008794939085544,1.5564242733232447,4.685319663050905
[12:26:15] [Server thread/WARN]: Scarlet Biplane (vehicle of Flero114) moved too quickly! -20.06742024986137,1.6444665266612333,4.939141854190211
[12:26:15] [Server thread/WARN]: Scarlet Biplane (vehicle of Flero114) moved too quickly! -21.127286293462543,1.7327666207712298,5.187593179276291
[12:26:15] [Server thread/WARN]: Scarlet Biplane (vehicle of Flero114) moved too quickly! -22.188775131459476,1.8213378680088965,5.428575701355385
[12:26:15] [Server thread/WARN]: Scarlet Biplane (vehicle of Flero114) moved too quickly! -23.252059448766154,1.9101931748512584,5.660819394041255
[12:26:15] [Server thread/WARN]: Scarlet Biplane (vehicle of Flero114) moved too quickly! -24.31717234642671,1.9993452743919136,5.883669252179743
[12:26:15] [Server thread/WARN]: Scarlet Biplane (vehicle of Flero114) moved too quickly! -25.384058784178062,2.0888070098020535,6.09691962322745
[12:26:15] [Server thread/WARN]: Scarlet Biplane (vehicle of Flero114) moved too quickly! -26.452611109192627,2.1785914634155006,6.300685912653535
[12:26:15] [Server thread/WARN]: Scarlet Biplane (vehicle of Flero114) moved too quickly! -27.522692850617627,2.268711935901109,6.495305767171203
[12:26:15] [Server thread/WARN]: Scarlet Biplane (vehicle of Flero114) moved too quickly! -28.594155063459358,2.3591819209822233,6.68126418010047
[12:26:15] [Server thread/WARN]: Scarlet Biplane (vehicle of Flero114) moved too quickly! -29.666879700771013,2.4500150150981312,6.858877128534232
[12:26:15] [Server thread/WARN]: Scarlet Biplane (vehicle of Flero114) moved too quickly! -30.740860731239216,2.541224477546791,7.027579828737771
[12:26:15] [Server thread/WARN]: Scarlet Biplane (vehicle of Flero114) moved too quickly! -31.816115574397056,2.6328228313476245,7.186464946941669
[12:27:43] [Server thread/INFO]: [STDOUT]: 执行 tick 方法
[12:27:44] [Server thread/INFO]: [STDOUT]: 执行 tick 方法
[12:27:45] [Server thread/INFO]: [STDOUT]: 执行 tick 方法
[12:27:46] [Server thread/INFO]: [STDOUT]: 执行 tick 方法
[12:27:46] [Server thread/INFO]: [STDOUT]: 执行 tick 方法
[12:27:47] [Server thread/INFO]: [STDOUT]: 执行 tick 方法
[12:27:48] [Server thread/INFO]: [STDOUT]: 执行 tick 方法
[12:27:48] [Server thread/INFO]: [STDOUT]: 执行 tick 方法
[12:27:48] [Server thread/INFO]: [STDOUT]: 执行 tick 方法
[12:27:49] [Server thread/INFO]: [STDOUT]: 执行 tick 方法
[12:27:49] [Server thread/INFO]: [STDOUT]: 执行 tick 方法
[12:27:50] [Server thread/INFO]: [STDOUT]: 执行 tick 方法
[12:27:50] [Server thread/INFO]: [STDOUT]: 执行 tick 方法
[12:27:50] [Server thread/INFO]: [STDOUT]: 执行 tick 方法
[12:27:51] [Server thread/INFO]: [STDOUT]: 执行 tick 方法
[12:27:51] [Server thread/INFO]: [STDOUT]: 执行 tick 方法
[12:27:52] [Server thread/INFO]: [STDOUT]: 执行 tick 方法
[12:27:52] [Server thread/INFO]: [STDOUT]: 执行 tick 方法
[12:27:53] [Server thread/INFO]: [STDOUT]: 执行 tick 方法
[12:27:53] [Server thread/INFO]: [STDOUT]: 执行 tick 方法
[12:27:54] [Server thread/INFO]: [STDOUT]: 执行 tick 方法
[12:27:54] [Server thread/INFO]: [STDOUT]: 执行 tick 方法
[12:27:55] [Server thread/INFO]: [STDOUT]: 执行 tick 方法
[12:27:55] [Server thread/INFO]: [STDOUT]: 执行 tick 方法
[12:27:56] [Server thread/INFO]: [STDOUT]: 执行 tick 方法
[12:27:57] [Server thread/INFO]: [STDOUT]: 执行 tick 方法
[12:33:00] [Server thread/INFO]: Flero114 lost connection: Disconnected
[12:33:00] [Server thread/INFO]: [93mFlero114 left the game[0m
[12:33:00] [Server thread/INFO]: [voicechat] Disconnecting client Flero114
[12:34:49] [Netty Epoll Server IO #3/INFO]: [STDOUT]: {"fallingtrees:client#miningShould.0": CHOP_TREE, "fallingtrees:client#miningWhileCrouchingShould.1": MINE_SINGLE_BLOCK}
[12:34:51] [Server thread/INFO]: Flero114[/192.168.0.20:43606] logged in with entity id 14941 at (76.6077285480845, 56.0625, 496.52565439710065)
[12:34:51] [Server thread/INFO]: Sending server config values to client
[12:34:51] [Server thread/INFO]: Sent config sync packet to 1 player(s)
[12:34:51] [Server thread/INFO]: Loading config from file...
[12:34:51] [Server thread/INFO]: [93mFlero114 joined the game[0m
[12:34:51] [Server thread/INFO]: Sending item configs to client
[12:34:52] [Server thread/INFO]: [showmeyourskin] Client of Flero114 accepted server config.
[12:34:52] [Server thread/INFO]: [voicechat] Received secret request of Flero114 (20)
[12:34:52] [Server thread/INFO]: [voicechat] Sent secret to Flero114
[12:34:52] [Server thread/INFO]: Receiving client config
[12:34:57] [VoiceChatPacketProcessingThread/INFO]: [voicechat] Successfully authenticated player 1813ca8a-bc4f-35f7-9276-bada8688ccf4
[12:34:58] [VoiceChatPacketProcessingThread/INFO]: [voicechat] Successfully validated connection of player 1813ca8a-bc4f-35f7-9276-bada8688ccf4
[12:34:58] [VoiceChatPacketProcessingThread/INFO]: [voicechat] Player Flero114 (1813ca8a-bc4f-35f7-9276-bada8688ccf4) successfully connected to voice chat
[13:18:14] [Server thread/INFO]: Flero114 lost connection: Disconnected
[13:18:14] [Server thread/INFO]: [93mFlero114 left the game[0m
[13:18:14] [Server thread/INFO]: [voicechat] Disconnecting client Flero114
